scientific_name,season,forest_types,substrate,description
Agaricus arvensis,травень — листопад.,"луки, пасовища, галявини, узбіччя, сади.",,"• Шапка: 8–20 см, спочатку напівсферична, потім опуклю- або плоско-розпростерта; біла, згодом кремова; гладенька або дрібнолуската; край спочатку підігнутий, потім розпростертий. • Пластинки: вільні, густі; спочатку рожеві, згодом темно-коричневі. • Ніжка: 6–10 × 1–2 см, циліндрична, біла, з двокільцевим кільцем; біля основи часто потовщена. • М’якоть: біла, на зламі не змінюється або злегка жовтіє; запах анісу або мигдалю; смак приємний. • Споровий порошок: темно-коричневий."
Agaricus silvaticus,червень — жовтень.,"хвойні та мішані ліси, на грунті, часто біля пнів.",,"• Шапка: 5–10 см, опукла, згодом плоско-розпростерта; сірувато-бура, з бурими лусками; край підігнутий. • Пластинки: вільні, густі; білі → рожеві → темно-коричневі. • Ніжка: 5–10 × 0,8–1,5 см, циліндрична, білувата, з кільцем. • М’якоть: біла, на зламі червоніє; запах приємний, грибний. • Споровий порошок: темно-коричневий."
Agaricus xanthodermus,червень — жовтень.,"сади, парки, узлісся, газони, узбіччя.",,"• Шапка: 5–15 см, опукла, згодом плоско-розпростерта; біла, при дотику жовтіє; край підігнутий. • Пластинки: вільні, густі; рожеві → коричневі. • Ніжка: 6–12 × 1–2 см, біла, з кільцем; біля основи жовтіє. • М’якоть: біла, на зламі жовтіє; запах карболки або чорнила. • Споровий порошок: темно-коричневий."
Amanita citrina,липень — жовтень.,"хвойні та листяні ліси, на грунті.",,"• Шапка: 4–10 см, напівсферична, згодом опуклю-розпростерта; лимонно-жовта, зеленувата, з білими пластівцями; край гладенький. • Пластинки: вільні, білі. • Ніжка: 6–10 × 1–1,5 см, біла, з кільцем і бульбою; біля основи піхва. • М’якоть: біла, із запахом редьки. • Споровий порошок: білий."
Amanita porphyria,липень — вересень.,"хвойні ліси, мохи, кислі грунти.",,"• Шапка: 5–8 см, напівсферична, згодом опуклю-розпростерта; сірувато-бура з пурпуровим відтінком, з білими пластівцями. • Пластинки: вільні, білі. • Ніжка: 6–10 × 0,8–1,2 см, біла, з кільцем; біля основи вільна біла піхва. • М’якоть: біла, без виразного запаху або з легким редьковим. • Споровий порошок: білий."
Amanita vittadinii,червень — жовтень.,"цілинні степи, злаково-лукові степи, на грунті.",,"• Шапка: 3–10 (20) см, напівсферична, згодом плоско-розпростерта; біла, кремова, з гострими конусовидними бородавками. • Пластинки: вільні, білі. • Ніжка: 5–8 (20) × 1–3 (4) см, біла, з подвійним кільцем; біля основи приросла піхва. • М’якоть: щільна, біла, з неприємним запахом. • Споровий порошок: білий."
Amanita echinocephala,червень — серпень.,правобережний Лісостеп; хвойні та листяні ліси.,,"• Шапка: 6,5–14 см, опуклю-розпростерта; біла, в центрі вохряна, з пірамідальними гострими бородавками; край гладенький. • Пластинки: вільні, кремово-зеленуваті. • Ніжка: 10–15 × 1,3–4 см, біла, з кільцем і прирослою піхвою; внизу з лускатими зонами. • М’якоть: білувата або кремова, щільна, з приємним запахом. • Споровий порошок: білий."
Boletus calopus,липень — вересень.,"хвойні ліси, на грунті.",,"• Шапка: 5–15 см, напівсферична, згодом подушковидно-розпростерта; сірувато-коричнева, жовтувато- або оливково-коричнева; суха, тонкоповстиста. • Трубочки/пори: пори зеленувато-жовті, при натиску синіють. • Ніжка: 5–10 (12) × 1,5–4 см, вгорі жовта, донизу червона, зі світлою сіткою. • М’якоть: білувата, згодом жовтувата, на зламі синіє; смак дуже гіркий. • Споровий порошок: вохряно-оливковий."
Boletus impolitus,липень — жовтень.,"листяні та мішані ліси, під дубом, буком.",,"• Шапка: 5–15 (20) см, дуже м’ясиста; оливково-буро-коричнева; гладенька, з товстим краєм. • Трубочки/пори: пори жовтуваті, згодом зеленувато-жовті, при натиску зеленіють. • Ніжка: 5–15 (18) × 2–5 (8) см, без сітки, штрихувата, борошниста, дрібнолуската. • М’якоть: у шапці та ніжці жовтуватий, на зламі не змінюється; запах карболки; смак добрий. • Споровий порошок: оливковий."
Boletus queletii,червень — жовтень.,"лівобережний Лісостеп, злаково-луковий Степ; листяні (букові, дубові) ліси.",,"• Шапка: 5–15 (20) см, напівсферична, згодом подушковидно-розпростерта; оранжево- або коричнювато-червона; суха, тонкоповстиста. • Трубочки/пори: пори жовті → червоні; при дотику синіють. • Ніжка: 5–12 (15) × 2–4 (6) см, жовта, біля основи червона, зерниста. • М’якоть: жовта, на зламі синіє, далі зеленіє та жовтіє; смак добрий. • Споровий порошок: коричнево-оливковий."
Boletus erythropus,травень — жовтень.,"хвойні (соснові) та листяні (букові) ліси, на грунті.",,"• Шапка: 5–15 (20) см, напівсферична, згодом опукло- або плоско-розпростерта; бурувато- або темно-коричнева, іноді з вохряним або оранжевим відтінком; тонковолокнисто-повстиста, згодом майже гола; при натискуванні синіє. • Трубочки/пори: пори спочатку жовті, згодом оранжево-червоні, далі оливково-пурпурові; при дотику синіють. • Ніжка: 7–15 × 2–4 (6) см, щільна, жовто-червона, повстисто-зерниста; при дотику синіє. • М’якоть: дуже щільна, жовта, на зламі швидко синіє; запах приємний; смак добрий. • Споровий порошок: оливковий."
Boletus purpureus,липень — вересень.,"вологі листяні (дубові, букові) ліси, зрідка.",,"• Шапка: 5–15 (20) см, товстом’ясиста, напівкуляста, подушковидна; сірувата, попеляста, оливкувато- або жовтувато-сіра, іноді вся або лише до краю рожевувата; при дотику синіє, згодом червоніє. • Трубочки/пори: пори жовті, згодом червоні, пурпурово-червоні. • Ніжка: 5–14 × 2–6 см, дуже щільна, жовто-червона, донизу червона, повстисто-зерниста, з червоною сіткою. • М’якоть: золотисто-жовтий, на зламі швидко дуже синіє; запах фруктово-спиртовий; смак добрий. • Споровий порошок: оливковий."
Gyroporus castaneus,липень — вересень.,"листяні та мішані ліси, під дубом, на піщаному грунті.",,"• Шапка: 3–8 (10–12) см, опукло- або плоско-розпростерта; каштаново- або іржаво-коричнева; суха, тонкоповстиста. • Трубочки/пори: пори білі, згодом жовтуваті, округлі, малі. • Ніжка: 4–7 × 1–3 см, кольору шапки, донизу злегка потовщується, з ум’ятинами, тонкоповстиста, з порожниною та перегородками всередині. • М’якоть: білий, не синіє на зламі. • Споровий порошок: жовтуватий."
Gyroporus cyanescens,липень — жовтень.,"хвойні та мішані ліси, на піщаному грунті, переважно під березою.",,"• Шапка: 5–10 (15) см, суха, опукло-розпростерта; спочатку білувата, потім світло-жовта, вохряна, жовта, у старих коричнювата; тонковолокнисто- або волосисто-лускато-повстиста. • Трубочки/пори: пори білі, згодом жовтуваті, при дотику синіють, округлі, потім овальні. • Ніжка: 4–8 (12) × 2–4 см, донизу розширена, у верхній частині біла, нижче кольору шапки, спочатку щільна, з віком з порожниною та перегородками. • М’якоть: щільний, білий, на зламі швидко синіє. • Споровий порошок: жовтуватий."
Gyrodon lividus,серпень — жовтень.,"листяні ліси, на вільсі, на вологих місцях, зрідка на гнилих пнях.",,"• Шапка: 5–10 см, опукло- або плоско-розпростерта, іноді ввігнута; сірувато-лимонна або сірувато-золотисто-жовта, рудувато-коричнювата; тонкоповстисто-волокниста, суха, при змочуванні клейкувата. • Трубочки/пори: трубочки дуже короткі (1–5 мм), жовті, з віком оливково-коричневі; пори неправильнокутасті, видовжені, лимонно- або золотисто-жовті, згодом зеленувато- або жовто-оливкові, з нерівними зубчастими краями; при дотику синіють, потім буріють. • Ніжка: 3–12 × 0,5–2,5 см, кольору шапки або світліша, борошниста, з віком гола; при натискуванні набуває рожево-коричнюватого кольору. • М’якоть: щільний, не швидко загниває, жовтуватий, у ніжці темніший, на зламі швидко синіє; смак приємний; без особливого запаху. • Споровий порошок: жовтувато-буро-оливковий."
Boletinus cavipes,серпень — жовтень.,"хвойні, переважно модринові, та мішані ліси.",,"• Шапка: 5–10 см, конусовидна, згодом конусовидно-розпростерта; золотисто-жовта, коричнювата, інколи з червонуватим відтінком; суха, повстисто-волокнисто-луската. • Трубочки/пори: трубочки короткі, до 1 см; пори нерівномірно видовжені, неправильнокутасті, розміщені майже радіальними рядами, жовтувато-зеленуваті або оливкуваті; гіменофор спускається на ніжку, не відділяється легко від тканини шапки. • Ніжка: 3–9 × 1–3 см, циліндрична, часто зігнута, волокнисто-луската, з кільцем, з порожниною. • М’якоть: жовтуватий, у ніжці біля основи буруватий; без особливого запаху. • Споровий порошок: жовтувато-оливкуватий."
Tylopilus felleus,червень — жовтень.,"мішані та хвойні ліси, на грунті.",,"• Шапка: 5–12 см, напівкуляста, згодом опукло- або подушковидно-розпростерта; бурувато- або оливкувато-коричнювата, іноді з легким червонуватим відтінком; тонковолокнисто-повстиста, з віком гола, суха, у вологу погоду клейкувата. • Трубочки/пори: пори спочатку білі, згодом рожевуваті, брудно- або бурувато-рожеві, іноді з лілуватим відтінком, у старих рожево-коричневі. • Ніжка: 5–10 (16) × 2–4 (5) см, жовтувато-коричнювата, з виразною темно-бурою або чорною сіткою. • М’якоть: дуже гіркий, білий, на зламі рожевіє; запах приємний. • Споровий порошок: рожевий, червонуватий, іноді з лілуватим відтінком."
Porphyrellus porphyrosporus,липень — жовтень.,"хвойні та мішані ліси, на грунті.",,"• Шапка: 5–10 (12) см, опукло-розпростерта; бурувато- або оливкувато-коричнева; волокнисто-бархатиста або тонкоповстиста. • Трубочки/пори: трубочки часом біля ніжки пластиковидно розділяються; пори округло-кутасті (0,5–1 мм), брудно-кремові, сіруваті, потім жовтувато-сірувато-коричневі, часом брудно-коричневі з оливковим відтінком. • Ніжка: 4–16 × 1–4 см, брудно-коричнева, борошнисто-бархатиста. • М’якоть: білий, білуватий, на зламі червоніє, згодом буріє (у старих екземплярів сіріє); запах неприємний. • Споровий порошок: темно-пурпурово-коричневий або коричнево-темно-червоний."
Gomphidius glutinosus,серпень — жовтень.,"соснові та ялинові ліси, здебільшого гірські, на грунті.",,"• Шапка: 5–10 (14) см, опукло-розпростерта, з опущеним краєм; пурпурово- або фіолетово-сіра, сірувато-коричнева, рудувато-лілувато-коричнева, іноді дуже слизька; шкірка легко знімається. • Пластинки: спускаються на ніжку, товсті, спочатку білі, згодом темніють до чорних з білуватим краєм. • Ніжка: 5–10 × 1–2,5 см, до основи потоншується, біла, згодом коричнева, біля основи зовні та в середині жовта, з кільцевидними залишками покривала. • М’якоть: у шапці білуватий або рожевуватий, у ніжці біля основи жовтий; без особливого запаху. • Споровий порошок: чорний."
Gomphidius roseus,серпень — вересень.,"соснові ліси, серед моху, на грунті.",,"• Шапка: 3–6 см, напівсферична, згодом опукло- або плоско-розпростерта, з підігнутим краєм; рожева або червона різних відтінків; слизька. • Пластинки: білі, з часом сіруваті й чорні. • Ніжка: 4–6 × 1–1,5 см, біла, донизу звужена, з товстим кільцевидним утворенням; біля основи м’ясо-червоно-коричнювата або чорнувата. • М’якоть: білий, на зламі рожевіє; із запахом. • Споровий порошок: чорний."
Gomphidius rutilus,серпень — вересень.,"хвойні ліси, під сосною та модриною, на грунті.",,"• Шапка: 5–10 (15) см, опукло-, згодом плоско- або увігнуто-розпростерта, з горбочком у центрі, з опущеним краєм; пурпурово-коричнева, лілувато-пурпурова; слизька. • Пластинки: спускаються на ніжку, товсті, спочатку жовті, з віком коричневіють до темно-оливкувато-коричневих. • Ніжка: 3–10 × 0,1–1 см, щільна, донизу звужена, жовто- або червоно-коричнева, вгорі здебільшого сірозерниста. • М’якоть: у шапці жовтуватий, оранжево-жовтий, з червоним відтінком, у ніжці біля основи оранжево-жовтий; без особливого запаху. • Споровий порошок: оливково-чорний."
Gomphidius maculatus,серпень — вересень.,"модринові насадження, на грунті.",,"• Шапка: 2,5–5 см, напівсферична, згодом опукло-розпростерта з підігнутим краєм; слизька; біла, потім м’ясо-червоно-коричнева, місцями темніша до чорно-коричневої. • Пластинки: білі, згодом сірувато-бурі, при дотику червоніють, потім чорніють. • Ніжка: 10–15 × 1–1,5 см, донизу потоншується, щільна, біла, з часом рожевіє, далі червоніє, вгорі сірувато-зерниста, біля основи жовта, при дотику чорніє, без залишків покривала. • М’якоть: білий, на зламі рожевіє, згодом темніє, у ніжці біля основи коричневіє; без запаху. • Споровий порошок: чорний."
Paxillus atrotomentosus,червень — жовтень.,"соснові ліси, на старих соснових пнях, зрідка біля них на грунті.",,"• Шапка: до 15 см, дуже щільна, м’ясиста, опукло- або увігнуто-розпростерта, іноді майже лійковидна, часто ексцентрична; рудувато-коричнева, іноді з червонуватим відтінком; суха, з дуже закрученим товстим гладеньким краєм. • Пластинки: вохряно-жовті, низько спускаються на ніжку, з численними анастомозами. • Ніжка: 3–5 × 1,5–3,5 см, чорно-коричнева, повстиста, ексцентрична, щільна. • М’якоть: білуватий, гіркий, без особливого запаху. • Споровий порошок: вохряно-жовтий."
Paxillus panuoides,липень — вересень.,на відмерлій та обробленій деревині хвойних.,,"• Шапка: 4–8 (10) см, тонком’ясиста; жовтувата, вохряно-руда, коричнювата; тонкоповстиста, згодом гола; з тонким повстистим закрученим краєм. • Пластинки: оливково-жовті, оранжево-жовті, часто з перетинками. • Ніжка: дуже коротка, центральна, ексцентрична, бічна, іноді відсутня (шапка прикріплена боком до субстрату). • М’якоть: білий, без особливого запаху. • Споровий порошок: бурувато-жовтий."
Ripartites tricholoma,серпень — вересень.,"дубові ліси, на грунті, групами.",,"• Шапка: 1–5 см, тонком’ясиста, плоско- або увігнуто-розпростерта; брудно- або сірувато-біла, згодом сірувато-, іноді іржаво-коричнева; гола, клейкувата, після висихання блискуча, іноді притиснуто-волокнисто-луската; з закрученим, потім рівним, тонким, торочкувато-волосистим краєм. • Пластинки: тонкі, вузькі, низько спускаються на ніжку, коричнюваті, легко відділяються від м’якуша шапки. • Ніжка: 2–4 × 0,3–0,5 см, білувата, вгорі борошнисто-луската, з порожниною. • М’якоть: білуватий, без особливого запаху. • Споровий порошок: бурувато-вохряний, світло-коричневий."
Ripartites helomorpha,серпень — вересень.,"хвойні ліси, на грунті, групами.",,"• Шапка: 2,5–6 см, тонком’ясиста, напівкуляста, згодом опукло-розпростерта з горбочком у центрі, іноді злегка увігнута; бурувато-жовтувата, в центрі темніша; з ребристим краєм. • Пластинки: низько спускаються на ніжку, кольору шапки. • Ніжка: 2–3 × 0,3–0,5 см, циліндрична, іноді зігнута, білувата, внизу коричнювата, щільна. • М’якоть: білуватий, без особливого запаху. • Споровий порошок: іржаво-коричнюватий."
Lactarius sanguifluus,серпень — жовтень.,"соснові та мішані ліси, на піщаному грунті.",,"• Шапка: 3–10 (15) см, опукло-, згодом увігнуто-розпростерта, часто з загнутим краєм; оранжево-руда, червонувато-руда, без концентричних зон; суха, блискуча. • Пластинки: спускаються на ніжку, густі, вузькі, оранжево-руді, при пошкодженні зеленіють. • Ніжка: 3–6,5 × 0,8–2,5 см, циліндрична, іноді до основи злегка звужена, щільна, з віком з вузькою порожниною, вгорі білувата, нижче кольору шапки, із зеленими плямами. • М’якоть: оранжево-рудий, на зламі зеленіє, з приємним фруктовим запахом; смак приємний. • Споровий порошок: жовтуватий. • Молочний сік: криваво-червоний, на повітрі не змінюється, спочатку солодкий, згодом гіркий."
Lactarius semisanguifluus,липень — жовтень.,"соснові та мішані ліси, на піщаному грунті.",,"• Шапка: 3–8 (10) см, товстом’ясиста, щільна, увігнуто-розпростерта, лійковидна; брудно-оранжева, червонувато-оранжева, зеленувато-руда; гладенька, з легко знімною шкіркою; з закрученим краєм. • Пластинки: спускаються на ніжку, густі, вузькі, оранжеві, при пошкодженні зеленіють. • Ніжка: 3–8 × 1–2 см, циліндрична, щільна, з віком з порожниною, оранжева, при дотику зеленіє. • М’якоть: жовтуватий, під шкіркою шапки зеленуватий, солодкий, з приємним фруктовим запахом. • Споровий порошок: жовтуватий. • Молочний сік: оранжевий, на повітрі стає пурпуровим, згодом пурпурово-фіолетовим, потім коричнево-фіолетовим; спочатку солодкий, згодом гіркий."
Lactarius fuliginosus,липень — жовтень.,"листяні та хвойні ліси, на грунті.",,"• Шапка: 3–8 (10) см, часто ексцентрична, тупоконусовидна, згодом опукло-, плоско- або увігнуто-розпростерта, з тонким плоским краєм; сірувато-кремова, сірувата, сірувато-рудувато-коричнювата; гола, суха, матова. • Пластинки: спочатку кольору шапки, з віком сірувато-вохряні, вохряно-жовті, запорошені спорами, при натискуванні червоніють. • Ніжка: 3–7 × 0,5–1,5 см, циліндрична або донизу потовщена, біла, з віком кольору шапки, щільна, при дотику червоніє. • М’якоть: білий, на зламі через кілька хвилин червоніє, злегка гіркуватий, з неприємним запахом. • Споровий порошок: світло-вохряний. • Молочний сік: білий, на повітрі червоніє, при відділенні від м’якуша не змінюється, солодкий або гіркуватий."
Lactarius acris,липень — жовтень.,"листяні ліси, на грунті.",,"• Шапка: 3–7 (9) см, м’ясиста, розпростерта, з горбом або лійковидна, часом асиметрична; сірувато-руда, сірувато-каштанова, сіро-коричнева, з оливковим відтінком, з віком часто вицвітає до жовтуватої; з невиразними концентричними зонами. • Пластинки: спускаються на ніжку, густі, вузькі, кремові, при пошкодженні червоніють. • Ніжка: 4–7 × 0,8–1,5 см, циліндрична, щільна, біла або кольору шапки, при дотику червоніє. • М’якоть: білий, на зламі червоніє, злегка гіркуватий, з неприємним запахом. • Споровий порошок: світло-вохряний. • Молочний сік: білий, на повітрі червоніє, при відділенні від м’якуша не змінюється, пекуче-їдкий."
Lactarius chrysorrheus,липень — жовтень.,"листяні та хвойні ліси, на грунті.",,"• Шапка: 4–9 см, опукло-розпростерта, згодом увігнуто-розпростерта, часто з невиразними концентричними зонами; вохряно-червонувато-оранжева, м’ясо-червона, з темнішими зонами; гола, гладенька, суха. • Пластинки: спускаються на ніжку, густі, вузькі, білуваті, згодом кремові, при пошкодженні жовтіють. • Ніжка: 3–6 × 0,8–1,5 см, циліндрична, щільна, з віком з порожниною, вгорі білувата, нижче кольору шапки. • М’якоть: білий, на зламі жовтіє, без особливого запаху; смак пекуче-їдкий. • Споровий порошок: світло-вохряний. • Молочний сік: білий, на повітрі швидко стає сірчано-жовтим, пекуче-їдкий."
Lactarius theiogalus,липень — жовтень.,"вологі хвойні та листяні ліси, на грунті, часто серед мохів.",,"• Шапка: 2,5–5 (7) см, опукло-розпростерта, згодом увігнуто-розпростерта, з підігнутим краєм; м’ясо-цегляна, рудувато-оранжево-червонувата, рудувато-червонувато-коричнювата; гола, суха. • Пластинки: спускаються на ніжку, густі, вузькі, кремові, згодом вохряні, при пошкодженні жовтіють. • Ніжка: 3–6 × 0,4–1 см, циліндрична, щільна, з віком з порожниною, кольору шапки або світліша. • М’якоть: білуватий, на зламі жовтіє, неприємний на смак, без особливого запаху. • Споровий порошок: світло-вохряний. • Молочний сік: білий або водянисто-білий, на повітрі стає сірчано-жовтим; спочатку солодкуватий, згодом гіркий, далі пекуче-їдкий."
Lactarius hepaticus,вересень — жовтень. Рідкісний вид.,"соснові та мішані з сосною ліси, на грунті.",,"• Шапка: 2–5,5 (7) см, увігнуто-розпростерта, часто з маленьким конусовидним виступом у центрі; червоно-коричнева, каштаново-коричнева, до краю світліша, з віком вицвітає до червонувато-жовто-коричневої; гола, суха. • Пластинки: спускаються на ніжку, густі, вузькі, червонувато-рудуваті, майже оранжеві, з віком рудувато-коричнюваті, часто припорошені споровою масою. • Ніжка: 3–5 (6) × 0,4–0,8 см, циліндрична, щільна, з віком з каналом, кольору шапки, біля основи волосиста. • М’якоть: світло-вохряний, у ніжці червонуватий, біля основи лілувато-червонуватий, на зламі стає сірчано-жовтим; пекуче-їдкий; з незначним приємним запахом. • Споровий порошок: світло-жовта. • Молочний сік: білий або водянисто-безбарвний, на повітрі стає темно-жовтим, пекуче-їдкий."
Lactarius scrobiculatus,липень — вересень.,"хвойні, переважно гірські, ліси, на грунті.",,"• Шапка: 5–15 (20) см, товсто-щільно-м’ясиста, увігнуто-розпростерта, часом лійковидна; жовта, жовто-вохряна, при натискуванні коричневіє; слизька; з підігнутим шерстистим, згодом темно-волокнисто-плівчасто-лускатим краєм. • Пластинки: спускаються на ніжку, вузькі, густі, білуваті, жовтуваті з червонуватим відтінком. • Ніжка: 3–6 (8) × 1,5–3,5 см, коротша за діаметр шапки, кольору шапки або світліша, з ум’ятинами, щільна, згодом з порожниною. • М’якоть: білий, з віком жовтуватий, на зламі стає сірчано-жовтим; пекуче-їдкий; з приємним запахом. • Споровий порошок: світло-вохряний. • Молочний сік: білий, пекуче-їдкий, на повітрі стає сірчано-жовтим."
Lactarius trivialis,липень — жовтень.,"хвойні та мішані ліси, на грунті, часто серед мохів.",,"• Шапка: (3) 5–15 (20) см, дуже щільном’ясиста, опукло- або увігнуто-розпростерта; спочатку лілувато-сиза, синювато-сіра, з віком сірувато-червонувато-рудувата або лілово-коричнювата; гола, слизька, при натискуванні коричневіє. • Пластинки: спускаються на ніжку, широкі, білуваті, згодом світло-вохряні. • Ніжка: 4–12 × 1–3,5 см, з порожниною, світло-вохряна або оранжева з м’ясо-червоним відтінком, слизька. • М’якоть: білуватий, під шкіркою лілувато-сірий або коричнюватий, у ніжці біля основи рудуватий, з легким запахом оселедця, на зламі злегка жовтіє. • Споровий порошок: жовтуватий. • Молочний сік: білий, на повітрі стає сірчано-жовтим, сухий сірувато-зелений, дуже пекуче-їдкий."
Lactarius musteus,серпень — жовтень. Рідкісний вид.,"сухі соснові ліси, на піщаних грунтах, серед мохів та лишайників.",,"• Шапка: 4–8 (10) см, вохряно-сірувата, вохряно-сіра, з віком нерівномірно червонувато-сіра; часто асиметрична, опукло- або увігнуто-розпростерта, іноді лійковидна; з підігнутим, згодом опущеним, з віком короткорубчастим краєм; спочатку по краю тонковолосиста, потім гола, клейка, при підсиханні блискуча. • Пластинки: спускаються на ніжку, вузькі, густі, білуваті, згодом червонувато-жовтуваті, при натискуванні стають іржаво-коричневими. • Ніжка: 3–7 × 1,3–5 см, циліндрична, часто зігнута, щільна, з віком з порожниною, кольору шапки, зморшкувата. • М’якоть: білий, при натискуванні стає іржаво-коричнюватим, солодкий, з приємним фруктовим запахом. • Споровий порошок: жовтуватий. • Молочний сік: білий, на повітрі стає сірчано-жовтим, солодкий (після з’явлення швидко зникає)."
Lactarius rubrocinctus,липень — жовтень.,"листяні (переважно букові), хвойні і мішані ліси, на грунті, групами.",,"• Шапка: 4–10 см, увігнуто-розпростерта або лійковидна, з опущеним, груборубчастим краєм; червонувато-вохряна, червонувато-сіро-вохряна, червонувато-коричнева; гола або зерниста, шорстка, іноді дрібногорбкувата, при натискуванні стає пурпурово-коричневою. • Пластинки: спускаються на ніжку, густі, вузькі, кремові, з віком червонувато-вохряні. • Ніжка: 3–7 × 0,4–2 см, циліндрична, біля основи звужена, щільна, з віком з порожниною, кольору шапки, внизу темно-червона, волосиста. • М’якоть: світло-вохряний або червонувато-жовтуватий, у ніжці біля основи іржаво-коричневий або червонувато-темно-коричневий, з неприємним запахом; гіркий або пекуче-їдкий. • Споровий порошок: червонувата, світло-вохряна. • Молочний сік: білий, водянисто-білий, на повітрі коричневіє; спочатку солодкий, потім гіркий і пекуче-їдкий."
Lactarius glaucescens,серпень — жовтень.,"листяні (дубові, букові) та зрідка соснові ліси, на грунті.",,"• Шапка: 5–10 (15) см, щільном’ясиста, здебільшого асиметрична, увігнуто-розпростерта або лійковидна, з опущеним краєм; біла, кремова або нерівномірно біло-рудувата, з віком стає брудно-вохряно-рудувато-плямиста; суха, гола. • Пластинки: спускаються на ніжку, густі, вузькі, білі, з часом рожевувато-жовтуваті, на зламі сіро-зелено-плямисті. • Ніжка: 3–7 × 1–4 см, тонкозморшкувата, вгорі пухнаста, щільна, кольору шапки. • М’якоть: білий, щільний, із слабким приємним запахом; їдкий. • Споровий порошок: біла. • Молочний сік: білий, пекуче-їдкий, на повітрі, особливо при підсиханні, стає зеленувато-синюватим або сіро-зеленим."
Lactarius blennius,липень — жовтень.,"листяні, переважно букові та мішані з буком ліси, на грунті, групами.",,"• Шапка: 4–8 (10) см, зеленувато-сіра, темно-оливково- або зеленувато-сіро-коричнювата, в центрі іноді червонувато- або лілувато-сіро-коричнева; часто з вузькими темнішими концентричними смугами; гола, слизька; увігнуто-розпростерта, з підігнутим, потім опущеним, часом хвилястим краєм. • Пластинки: спускаються на ніжку, густі, вузькі, білі, згодом жовтуваті, з віком червонувато-жовтуваті або рудуваті, часто з сірувато-зеленуватими краплями підсохлого молочного соку. • Ніжка: 3–6 × 0,8–1,5 (2) см, циліндрична або донизу злегка звужена, нещільна, з порожниною, кольору шапки або світліша, клейка, при натискуванні сіріє або коричневіє. • М’якоть: білуватий, з віком сіруватий, пекуче-їдкий, без особливого запаху. • Споровий порошок: жовтуватий. • Молочний сік: білий, на повітрі (разом з м’якушем) стає сірим або зеленувато-сірим, при відділенні від м’якуша не змінюється, пекуче-їдкий."
Lactarius vietus,вересень — жовтень.,"листяні (березові) та мішані з березою ліси, на вологих місцях, на грунті.",,"• Шапка: 2,5–7 (10) см, лілувато-сіро-коричнювата або лілувато-сіра, до краю світліша, часто з невиразними зонами; слизька, клейка, при підсиханні блискуча; у центрі іноді зморшкувата, тупоконусовидна, згодом плоско- або увігнуто-розпростерта, іноді з маленьким конусовидним виступом, часом лійковидна; з підігнутим, потім плоским тонким краєм. • Пластинки: кремуваті, згодом сірувато-жовтуваті, з червонуватим відтінком, при дотику сіро-оливково-коричневі. • Ніжка: 3–6 (8) × 0,4–1,5 см, щільна, з віком часто з порожниною, білувата або світло-лілувато-сірувата, іноді вохряно-сірувата, суха. • М’якоть: білуватий, під шкіркою темніший, їдкуватий, без особливого запаху, на зламі сіріє. • Споровий порошок: жовтуватий. • Молочний сік: білий, на повітрі стає оливково- або зелено-сірим; спочатку солодкий, потім пекучий."
Lactarius uvidus,серпень — жовтень.,"вологі листяні та хвойні ліси, у кущах верби, крушини, під березою, на луках, групами.",,"• Шапка: 4–10 см, фіолетово-сіра, м’ясо-сіра, сірувато-лілувато-коричнювата, з невиразними темнішими зонами; опукло- або плоско-розпростерта, іноді з горбочком, часто увігнута до лійковидної; гола, слизька, при підсиханні блискуча. • Пластинки: спускаються на ніжку, вузькі, білі, згодом жовтуваті; при дотику ліловіють або синіють. • Ніжка: 5–12 × 0,5–2 см, спочатку щільна, з віком з порожниною; білувата, потім світло-лілувато-сірувата, біля основи повстисто-волокниста, жовтувата, клейкувата; при дотику ліловіє. • М’якоть: білий, у ніжці внизу жовтуватий; гіркуватий. • Споровий порошок: жовтуватий. • Молочний сік: білий, на повітрі ліловіє, при відділенні від м’якуша не змінюється; гіркий."
Lactarius violascens,липень — жовтень.,"листяні ліси, на грунті.",,"• Шапка: 5–10 (15) см, фіолетово-коричнева, з кількома темнішими концентричними зонами; увігнуто-розпростерта; при натискуванні темніє. • Пластинки: жовтуваті, згодом коричнюваті, з вохряним відтінком; при натискуванні повільно стають червоно-фіолетовими, далі фіолетово-коричневими. • Ніжка: (2–3) 4–6 × 1–2,5 см, щільна, з часом з порожниною; вохряно-коричнювата, вгорі борошниста, біля основи волокниста; при натискуванні червонувато-фіолетова. • М’якоть: щільний, жовтувато- або коричнювато-білуватий, гіркуватий, на зламі в ніжці та над пластинками червонувато-фіолетовий; із приємним запахом. • Споровий порошок: жовтуватий. • Молочний сік: водянисто-білий або білий, на повітрі ліловіє, гіркуватий."
Lactarius aspideus,липень — вересень.,"листяні ліси, на вологих місцях, переважно під вербою.",,"• Шапка: 3–5 (9) см, білувато-жовта, іноді лимонно-жовта, до краю світліша; опукло- або плоско-розпростерта, з віком увігнуто-розпростерта; гола, суха, при зволоженні клейка або слизиста; при натискуванні лілово-сіра до коричнево-фіолетової. • Пластинки: білі, з віком жовтуваті, з сірувато-червонуватим відтінком; вузькі, спускаються на ніжку; при дотику ліловіють, далі стають лілово-сірими, коричнюватими. • Ніжка: 3–8 × 0,5–1,5 см, циліндрична або до основи розширена, щільна; вгорі білувата, донизу жовтувата, біля основи іноді руда; при дотику ліловіє, потім стає лілово-сірою. • М’якоть: білий, з приємним запахом, на зламі швидко ліловіє, потім повільно знебарвлюється; спочатку солодкий, згодом пекуче-гіркий. • Споровий порошок: жовта. • Молочний сік: білий, спочатку у великій кількості, згодом майже зникає; на повітрі повільно ліловіє; мінливого смаку: спочатку солодкий, потім гіркий, далі пекучий."
Lactarius repraesentaneus,липень — жовтень.,хвойні та мішані вологі ліси.,,"• Шапка: 5–10 (15) см, яскраво-жовта, золотисто-жовта; щільном’ясиста, подушковидно-опукла, згодом опукло-розпростерта, часто в центрі увігнута, з горбочком; притиснуто-волокниста, в центрі майже гола; з підігнутим, потім опущеним, пластівчасто- або волокнисто-лускатим, волохатим краєм; при зволоженні слизька, при підсиханні блискуча; від натискування ліловіє. • Пластинки: вузькі, густі, жовтуваті, згодом рожевувато-жовті, з бурувато-лілуватими плямами. • Ніжка: 4,5–8 (10) × 1–2,5 (3) см, здебільшого коротша за діаметр шапки; щільна, згодом з порожниною; кольору шапки або світліша; при зволоженні клейка, потім суха; при натискуванні ліловіє. • М’якоть: щільний, жовтуватий, на зламі стає нерівномірно розпливчасто-ліловим; із сильним приємним запахом; без особливого смаку або гіркуватий. • Споровий порошок: жовта. • Молочний сік: білий або водянисто-безбарвний, гіркуватий, на повітрі (разом з м’якушем) ліловіє, при відділенні не змінюється."
Lactarius pubescens,вересень — жовтень.,"березові ліси, серед мохів, переважно на торфовищах.",,"• Шапка: 2–9 см, волохата, волокнисто-пластівчаста, з віком здебільшого майже гола; тонком’ясиста, увігнуто-розпростерта; із закрученим пластівчасто-волосистим волохатим краєм; біла або кремова, у центрі темніша — до вохряної, рожевувато-вохряної; клейка. • Пластинки: вузькі, білуваті, згодом рожевувато-кремові. • Ніжка: (1) 2–5 × 1–1,5 см, дуже коротка, вгорі білувата, донизу рудувата або рожевувато-рудувата, з порожниною. • М’якоть: щільний, білий, пекуче-їдкий. • Споровий порошок: рожевувато-кремова. • Молочний сік: білий, пекуче-їдкий, на повітрі не змінюється."
Lactarius controversus,серпень — листопад.,"листяні та мішані ліси, переважно під осикою, тополею, осокором, вербою.",,"• Шапка: 5–15 (20) см, товсто-щільном’ясиста, спочатку подушковидно-опукла, згодом увігнуто-розпростерта; спочатку з закрученим повстистим, потім опущеним голим краєм; світло-кремова, з розпливчастими рожевими або червонуватими плямами, іноді вся брудно-рожевувата; гола, клейкувата, часто по краю з водянистими концентричними зонами. • Пластинки: кремуваті з рожевим відтінком, з віком брудно-рожевуваті, брудно-червонуваті; густі, вузькі. • Ніжка: 2–5 × 1,5–4 (5) см, значно коротша за діаметр шапки, щільна, кольору шапки. • М’якоть: дуже щільний, білуватий, з віком у шапці рожевуватий, у ніжці жовтий; на зламі не змінюється; пекуче-їдкий; із приємним запахом. • Споровий порошок: рожевувата. • Молочний сік: білий, їдкий або гіркий; у молодих плодових тіл не дуже їдкий; на повітрі не змінюється."
Lactarius turpis,липень — листопад.,листяні (березові) та мішані з березою ліси.,,"• Шапка: 5–10 (20) см, оливково-коричнева, оливково-бура, іноді оливково-чорнувата, до краю світліша, жовтувата; з б.-м. яскравими темнішими концентричними зонами; гола, клейка; щільном’ясиста, увігнуто-розпростерта, з підігнутим, потім опущеним краєм. • Пластинки: вузькі, білуваті або жовтуваті, згодом брудно-жовті до коричнюватих; стиглі при дотику коричневіють або буріють. • Ніжка: 3–6 (8) × 1–2,5 см, щільна, кольору шапки або світліша, ямчаста, клейка. • М’якоть: білий, на зламі темніє; їдкуватий; із слабким грибним запахом. • Споровий порошок: кремова. • Молочний сік: білий або водянисто-безбарвний, на повітрі не змінюється, пекуче-їдкий."
Lactarius mammosus,серпень — жовтень.,"сухі хвойні ліси, на піщаних грунтах, здебільшого серед мохів та лишайників, групами.",,"• Шапка: 3–6 (9) см, сіро-коричнева, темно-коричнева, темно-сіро-бура, чорно-коричнювата, іноді з легким фіолетовим відтінком, до краю світліша; суха, волокнисто-повстиста або волокнисто-луската; тонком’ясиста, плоско-розпростерта, згодом часом увігнуто-розпростерта, часто з горбочком у центрі. • Пластинки: густі, вузькі, жовті, з часом червонувато-рудуваті; при натискуванні коричневіють. • Ніжка: 3–5 (7) × 0,8–2 см, циліндрична, щільна, згодом з каналом; білувата, з віком кольору шапки; при натискуванні стає буро-вохряною. • М’якоть: у шапці білуватий, під шкіркою темний, у ніжці червонувато-рудуватий; щільний, солодкуватий; у свіжих плодових тіл без запаху, у підсихаючих — з ароматним приємним запахом. • Споровий порошок: кремова. • Молочний сік: білий, на повітрі не змінюється; спочатку солодкуватий, згодом гострий або гіркий; у старих плодових тіл майже відсутній."
Lactarius flexuosus,липень — вересень.,"листяні, хвойні та мішані ліси.",,"• Шапка: 5–10 (15) см, брудно-лілово-сіра, коричнювато-лілово-сіра, з темнішими концентричними смугами, іноді без смуг; товсто-щільном’ясиста, опукло- або увігнуто-розпростерта, іноді лійковидна, часто асиметрична; з підігнутим, згодом опущеним хвилястим або лопатевидним краєм; суха, при зволоженні клейкувата; при натискуванні темніє. • Пластинки: товсті, рідкі, з проміжними жилками, кремові, з віком червонувато-світло-вохряні. • Ніжка: 3–8 × 1,5–3,5 см, донизу звужується; вгорі білувата, донизу кольору шапки; щільна; при натискуванні темніє. • М’якоть: жовтувато-білуватий, під шкіркою лілувато-коричнюватий; пекуче-їдкий, при підсиханні гіркуватий; із приємним запахом. • Споровий порошок: кремова. • Молочний сік: білий (засихаючий кремовий), дуже пекуче-їдкий."
Lactarius spinosulus,серпень — вересень.,"листяні ліси, під вільхою, зрідка під березою.",,"• Шапка: 1,5–4,5 (6) см, лілувато-сіро-рожева, лілувато-сіро-червонувата; радіальноволокниста, стовбурчастолуската; тонком’ясиста, опукло- або плоско-розпростерта, іноді майже лійковидна, здебільшого з гострим горбочком у центрі, з опущеним тонким краєм; клейка; при натискуванні зеленіє. • Пластинки: тонкі, густі, з віком рідкі, вузькі, світло-вохряні, далі червонувато-вохряні, припорошені споровою масою; при натискуванні стають коричнево-зеленуватими. • Ніжка: 2–5 × 0,3–0,8 см, донизу звужена, щільна або з каналом; кольору шапки, біля основи часом рудувата. • М’якоть: нерівномірно жовтувато-білуватий; спочатку солодкуватий, згодом (швидко) гоструватий; без особливого запаху; при натискуванні стає темно-зеленим. • Споровий порошок: рожевувато-світло-вохряна. • Молочний сік: білий, солодкуватий, згодом пекуче-їдкуватий."
Russula albonigra,серпень — вересень.,"листяні ліси, тільки під березою.",,
Russula nigricans,липень — жовтень.,листяні та хвойні ліси.,,
Russula densifolia,липень — жовтень.,листяні ліси.,,
Russula adusta,липень — жовтень.,соснові ліси на піску.,,
Russula decolorans,червень — жовтень.,соснові вологі ліси.,,
Russula obscura,липень — жовтень.,"соснові ліси, на болотистих місцях.",,
Russula xerampelina,липень — листопад.,"листяні та хвойні ліси, часто.",,
Russula claroflava,червень — жовтень.,"листяні ліси, на вологих місцях, під березою та вільхою.",,
Russula ochroleuca,липень — вересень.,"соснові ліси, на вологих місцях.",,
Russula turci,липень — вересень.,соснові ліси.,,
Russula puellaris,липень — жовтень.,хвойні та листяні ліси.,,
Russula viscida,липень — жовтень.,"хвойні ліси, переважно гірські.",,
Russula lilacea,липень — жовтень.,"дубові, букові, ліщинові ліси.",,
Russula pulchella,липень — жовтень.,"листяні ліси, переважно під березою або осикою.",,
Russula olivacea,липень — жовтень.,листяні та хвойні ліси.,,
Russula atropurpurea,липень — жовтень.,"листяні (букові, дубові) та соснові ліси.",,
Russula delica,серпень — жовтень.,листяні та хвойні ліси.,,
Russula lutea,липень — жовтень.,листяні та хвойні ліси.,,
Russula mustelina,липень — жовтень.,хвойні ліси.,,
Russula mollis,серпень — жовтень.,листяні та хвойні ліси.,,
Russula aeruginosa,липень — жовтень.,листяні (переважно березові) та хвойні ліси.,,
Russula virescens,липень — жовтень.,"листяні (дубові, березові) та мішані ліси.",,
Russula amoena,липень — вересень.,листяні та хвойні ліси.,,
Russula heterophylla,серпень — вересень.,"листяні, переважно букові, зрідка хвойні ліси.",,
Russula cyanoxantha,серпень — вересень.,"листяні (дубові, букові) ліси.",,
Russula grisea,серпень — вересень.,"листяні (дубові, букові) та хвойні (ялинові) ліси.",,
Russula roseipes,липень — жовтень.,"осикові, переважно гірські, зрідка сухі листяні ліси.",,
Russula brunneoviolacea,серпень — жовтень.,листяні або мішані ліси (під дубом).,,
Russula melliolens,червень — жовтень.,листяні та мішані ліси (під дубом).,,
Russula aurata,серпень — вересень.,листяні та соснові ліси.,,
Russula paludosa,серпень — жовтень.,"соснові ліси, на вологих місцях, часто серед чорниці.",,
Russula curtipes,серпень — вересень.,листяні ліси (під дубом та буком).,,
Russula vesca,липень — жовтень.,соснові та листяні ліси.,,
Russula alutacea,липень — жовтень.,листяні та хвойні ліси.,,
Russula integra,липень — жовтень.,соснові та листяні ліси.,,
Russula fellea,липень — жовтень.,"листяні, переважно букові, ліси.",,
Russula foetens,,,,
Russula farinipes,,,,
Russula consobrina,,,,
Russula pectinata,,,,
Russula maculata,липень — жовтень.,листяні ліси.,,
Russula rubra,липень — жовтень.,листяні та хвойні ліси.,,
Russula sanguinea,липень — жовтень.,соснові або мішані з сосною вологі ліси.,,
Russula badia,серпень — вересень.,"хвойні, переважно соснові, ліси.",,
Russula sardonia,липень — вересень.,соснові ліси.,,
Russula queletii,липень — вересень.,"ялинові гірські ліси, зрідка на рівнині.",,
Russula rosea,серпень — жовтень.,листяні та соснові ліси.,,
Russula pseudointegra,серпень — жовтень.,листяні (дубові) ліси.,,
Russula caerulea,серпень — вересень.,"вологі місця, під березою, осикою.",,
Russula nauseosa,серпень — жовтень.,соснові ліси.,,
Tricholoma album,серпень — жовтень.,"листяні та хвойні ліси, на ґрунті.",,"• Шапка: 5–12 см, біла або кремова, гола, суха; опукла, згодом плоско-розпростерта, з підігнутим краєм. • Пластинки: білі, густі, прирослі. • Ніжка: 5–10 × 1–2 см, біла, волокниста, щільна. • М'якоть: біла, з неприємним запахом, пекучо-гірка. • Споровий порошок: білий."
Tricholoma sulphureum,серпень — жовтень.,"листяні та хвойні ліси, на ґрунті.",,"• Шапка: 3–8 см, сірчано-жовта або оливкувато-жовта, шовковиста; опукла, згодом плоско-розпростерта. • Пластинки: жовті, густі, прирослі. • Ніжка: 5–10 × 1–1,5 см, жовта, волокниста. • М'якоть: жовта, з дуже неприємним запахом (сірководню або газу). • Споровий порошок: білий."
Tricholoma virgatum,серпень — жовтень.,"хвойні (соснові) ліси, на ґрунті.",,"• Шапка: 3–9 см, сіра або лілувато-сіра, радіально-чорноволокниста; опукла, згодом плоско-розпростерта, з горбочком. • Пластинки: білі, з часом сірі, густі. • Ніжка: 6–12 × 0,8–2,2 см, біла, сірувата, волокниста. • М'якоть: сірувата, дуже гірка, з неприємним запахом. • Споровий порошок: білий."
Tricholoma vaccinum,серпень — жовтень.,"хвойні ліси, на ґрунті.",,"• Шапка: 4–7 см, червоно- або рудо-коричнева, шерстисто-повстисто-луската; опукла, згодом плоско-розпростерта, з горбочком. • Пластинки: білуваті, згодом брудно-червонуваті, густі. • Ніжка: 4–10 × 1–1,5 см, кольору шапки, волокнисто-луската. • М'якоть: біла, з запахом борошна. • Споровий порошок: білий."
Tricholoma imbricatum,серпень — жовтень.,"хвойні ліси, на ґрунті.",,"• Шапка: 4–10 см, рудувато- або буро-коричнева, волокнисто-луската (луски розташовані як черепиця); опукла, згодом плоско-розпростерта, з горбочком. • Пластинки: білуваті, згодом червонувато-коричнюваті, густі. • Ніжка: 7–13 × 1–2,5 см, білувата, волокниста. • М'якоть: білувата, з запахом борошна. • Споровий порошок: білий."
Tricholoma pessundatum,серпень — жовтень.,"хвойні (соснові) ліси, на ґрунті.",,"• Шапка: 4–15 см, руда або бурувато-жовтувата, волокнисто-луската; опукла, згодом плоско-розпростерта, часто з горбочком. • Пластинки: білі, згодом руді, густі. • Ніжка: 4–12 × 2–4 см, білувата, біля основи коричнювата. • М'якоть: біла, з запахом борошна, на зламі рудіє. • Споровий порошок: білий."
Tricholoma populinum,вересень — листопад.,"під тополями, великими групами.",,"• Шапка: 4–15 см, коричнювата або сіро-коричнювата, волокнисто-луската; опукла, згодом плоско-розпростерта. • Пластинки: білі, згодом рудіють, густі. • Ніжка: 3–10 × 2–4 см, білувата, щільна. • М'якоть: біла, з запахом борошна, на зламі рудіє. • Споровий порошок: білий."
Tricholoma saponaceum,серпень — жовтень.,"листяні та хвойні ліси, на ґрунті.",,"• Шапка: 4–10 см, сірувата або оливкувато-сірувата, гола; опукла, згодом плоско-розпростерта, часто з горбочком. • Пластинки: жовтувато- або зеленувато-білі, густі. • Ніжка: 5–12 × 1–3 см, біла або темно-сіра, волокнисто-луската. • М'якоть: гіркувата, з запахом мила (характерна ознака!). • Споровий порошок: білий."
Tricholoma sejunctum,серпень — жовтень.,"листяні та хвойні ліси, на ґрунті.",,"• Шапка: 3–10 см, зеленкувато- або оливкувато-жовта, в центрі коричнева, радіально-темноволокниста; опукла, згодом плоско-розпростерта, з горбочком. • Пластинки: білі, згодом жовтуваті, густі. • Ніжка: 5–12 × 1–3 см, біла, жовтувата, волокниста. • М'якоть: біла, гіркувата, з запахом борошна. • Споровий порошок: білий."
Tricholoma orirubens,серпень — жовтень.,"дубові ліси, на ґрунті.",,"• Шапка: 5–10 см, сіра, в центрі темніша, чорноволокнисто-луската; опукла, згодом плоско-розпростерта. • Пластинки: білі, згодом рожевуваті, густі. • Ніжка: 5–8 × 1–2,5 см, біла, біля основи зеленкувата. • М'якоть: білувата, на зламі рожевіє. • Споровий порошок: білий."
Clitocybe nebularis,вересень — листопад.,"листяні та хвойні ліси, на ґрунті, часто великими групами.",,"• Шапка: 7–30 см, біла, сірувата або сіра, гола; опукла, згодом плоско-розпростерта, з горбочком, край підігнутий. • Пластинки: білуваті, згодом брудно-жовтуваті, густі, злегка спускаються на ніжку. • Ніжка: 5–12 × 2–4 см, білувата, волокниста, щільна, з віком з порожниною. • М'якоть: біла, з сильним фруктовим запахом. • Споровий порошок: кремовий."
Clitocybe geotropa,серпень — листопад.,"листяні ліси, галявини, пасовища, часто утворює «відьмині кільця».",,"• Шапка: 5–20 (30–40) см, брудно-жовтувата або коричнювата, увігнуто-розпростерта, з горбочком, згодом лійковидна; край закручений. • Пластинки: білуваті, згодом кольору шапки, низько спускаються на ніжку. • Ніжка: 5–16 × 1–4 см, білувата, щільна, згодом коркувата. • М'якоть: біла, щільна, з приємним запахом. • Споровий порошок: білий."
Clitocybe gigantea,серпень — жовтень.,"соснові ліси, галявини, пасовища, на ґрунті, часто «відьмині кільця».",,"• Шапка: 10–40 см, біла, в центрі жовтувата, гола; опукла, згодом лійковидна, з закрученим краєм. • Пластинки: білі, з часом кольору шапки, густі, злегка спускаються. • Ніжка: 4–7 × 2–5 см, біла, борошниста, щільна. • М'якоть: біла, з легким запахом борошна; смак спочатку добрий, згодом гіркуватий. • Споровий порошок: білий."
Clitocybe odora,серпень — жовтень.,"листяні та хвойні ліси, на ґрунті.",,"• Шапка: 3–9 см, зелена або синювато-зелена, гола; опукла, згодом плоско-розпростерта. • Пластинки: зеленуваті, густі, прирослі. • Ніжка: 4–7 × 0,5–1 см, зеленувата, щільна. • М'якоть: білувата, з сильним запахом анісу. • Споровий порошок: білий."
Clitocybe clavipes,серпень — жовтень.,"хвойні та листяні ліси, на ґрунті.",,"• Шапка: 4–10 см, сірувато-коричнева, гола; опукла, згодом плоско-розпростерта. • Пластинки: білі, згодом жовтуваті, густі. • Ніжка: 3–6 × 1–2 см, донизу булавовидно потовщена, сірувата. • М'якоть: біла, з слабким запахом. • Споровий порошок: білий."
Clitocybe infundibuliformis,липень — жовтень.,"хвойні та листяні ліси, на ґрунті.",,"• Шапка: 3–15 см, рудувато-кремова або вохряно-жовта, лійковидна, з тонким хвилястим краєм. • Пластинки: білуваті, згодом кольору шапки, низько спускаються. • Ніжка: 3–6 × 0,5–1,2 см, біла, гола, щільна. • М'якоть: біла, з приємним запахом. • Споровий порошок: білий."
Clitocybe rivulosa,вересень — листопад.,"луки, пасовища, поля, узбіччя, на ґрунті.",,"• Шапка: 2–7 см, біла, з кремовими або рудуватими зонами, при зволоженні рудувато-м'ясо-червона; опукла, згодом плоско-розпростерта. • Пластинки: білі, згодом жовтуваті, густі. • Ніжка: 2–6 × 0,4–0,9 см, кольору шапки, щільна. • М'якоть: біла, з слабким приємним запахом. • Споровий порошок: білий."
Clitocybe phyllophila,вересень — листопад.,"листяні (букові) ліси, на опалому листі.",,"• Шапка: 5–11 см, біла або жовтувато-біла, шовковиста; опукла, згодом плоско-розпростерта. • Пластинки: білі, згодом кремово-жовтуваті, густі. • Ніжка: 2,5–8 × 0,3–1,2 см, кольору шапки, біля основи повстисто-волосиста. • М'якоть: біла, з сильним запахом борошна. • Споровий порошок: білий."
Clitocybe suaveolens,серпень — жовтень.,"хвойні та листяні ліси, на ґрунті, часто серед мохів.",,"• Шапка: 2–6 см, білувата, кремова, жовтувата, з рожевим відтінком; опукла, згодом плоско-розпростерта. • Пластинки: білі, згодом сірі, густі. • Ніжка: 3–6 × 0,3–0,6 см, кольору шапки, щільна. • М'якоть: біла, з приємним анісовим запахом. • Споровий порошок: білий."
Clitocybe brumalis,вересень — листопад (до зимових морозів).,"хвойні ліси, на ґрунті.",,"• Шапка: 2–7 см, сіра, жовто-сіра або сіро-коричнювата, увігнута, з горбочком; край підігнутий. • Пластинки: білуваті, згодом жовтуваті, густі. • Ніжка: 3–6 × 0,3–0,5 см, кольору шапки, білоповстиста. • М'якоть: біла, з запахом борошна. • Споровий порошок: білий."
Collybia dryophila,травень — листопад.,"листяні та хвойні ліси, на ґрунті, опалому листі, гнилій деревині.",,"• Шапка: 2–6 см, білувата, рудувато-вохряна, жовтувато-коричнювата; опукла, згодом плоско-розпростерта, гола. • Пластинки: білуваті, згодом кремові, густі, прирослі. • Ніжка: 3–7 × 0,2–0,5 см, білувата, вохряно-жовтувата, волокниста, щільна. • М'якоть: біла, без особливого запаху. • Споровий порошок: білий."
Collybia peronata,липень — жовтень.,"листяні та хвойні ліси, на ґрунті, опалому листі.",,"• Шапка: 2–7 см, бурувато-рудувата, вохряно-бурувата, зморшкувато-рубчаста; опукла, згодом плоско-розпростерта. • Пластинки: рідкі, коричнювато-жовті, прирослі. • Ніжка: 3–8 × 0,3–0,8 см, бурувато-коричнювата, повстиста, щільна. • М'якоть: жовтувата, пекучо-гірка. • Споровий порошок: білий."
Collybia confluens,липень — жовтень.,"листяні та хвойні ліси, на опалому листі, ґрунті.",,"• Шапка: 2–5 см, бурувато-білувата, рожевувато-сірувато-жовта; опукла, згодом плоско-розпростерта. • Пластинки: густі, білуваті, згодом кольору шапки, прирослі. • Ніжка: 5–9 × 0,2–0,4 см, рудувата, повстисто-волосиста, щільна; ніжки зростаються у щільні групи. • М'якоть: білувата, без запаху. • Споровий порошок: білий."
Collybia maculata,серпень — жовтень.,"хвойні ліси, на ґрунті, пнях.",,"• Шапка: 5–12 см, біла, білувата, з рудуватими плямами; опукла, згодом плоско-розпростерта. • Пластинки: білі, густі, прирослі. • Ніжка: 6–10 × 1–2 см, біла, з плямами, борозенчаста, щільна. • М'якоть: біла, гірка. • Споровий порошок: білий."
Collybia butyracea,липень — листопад.,"листяні та хвойні ліси, на ґрунті, опалому листі.",,"• Шапка: 4–9 см, рудувато-сірувата, сірувато-бурувата, гола; опукла, згодом плоско-розпростерта. • Пластинки: білуваті, густі, прирослі. • Ніжка: 4–8 × 0,5–2 см, білувата, штрихувата, щільна. • М'якоть: білувата, з приємним маслянистим запахом. • Споровий порошок: білий."
Collybia fusipes,серпень — жовтень.,"біля стовбурів листяних дерев, пнів (дуб).",,"• Шапка: 4–10 см, червонувато-коричнева, рудувато-коричнева, гола; опукла, згодом плоско-розпростерта. • Пластинки: білі, згодом рудуваті, густі, прирослі. • Ніжка: 8–12 × 1–2 см, веретеновидна, з кореневидним виростом, кольору шапки, щільна. • М'якоть: білувата, без запаху. • Споровий порошок: білий."
Mycena pura,травень — листопад.,"листяні та хвойні ліси, на ґрунті, опалому листі.",,"• Шапка: 2–6,5 см, лілувата, рожева, жовтувато-рожева, гола, рубчаста; дзвониковидна, згодом плоско-розпростерта. • Пластинки: лілуваті, широкі, прирослі. • Ніжка: 4–7 × 0,2–1 см, кольору шапки, щільна. • М'якоть: з запахом редьки. • Споровий порошок: білий."
Mycena galericulata,травень — листопад.,"пні, стовбури, гнила деревина.",,"• Шапка: 2–6 см, сіра, коричнево-сіра, бурувато-коричнювата, гола; дзвониковидна, згодом плоско-розпростерта. • Пластинки: білуваті, згодом рожевуваті, густі, прирослі. • Ніжка: 2–11 × 0,15–0,7 см, кольору шапки, щільна. • М'якоть: з запахом борошна. • Споровий порошок: білий."
Mycena polygramma,травень — листопад.,"пні, стовбури.",,"• Шапка: 2–4 см, бурувато- або коричнювато-сіра, штрихувата; дзвониковидна, згодом плоско-розпростерта. • Пластинки: білуваті, згодом рожевуваті, густі. • Ніжка: 3–14 × 0,1–0,5 см, зморшкувато-рубчаста, білувата, щільна. • М'якоть: без запаху. • Споровий порошок: білий."
Mycena haematopus,травень — жовтень.,"пні, стовбури листяних дерев.",,"• Шапка: 1–3 см, сіро-коричнево-рожева, пурпурово-коричнювата; дзвониковидна. • Пластинки: рідкі, білі. • Ніжка: 2–8 × 0,1–0,3 см, донизу криваво-червона, при пошкодженні виділяє червоний сік. • М'якоть: без особливого запаху. • Споровий порошок: білий."
Mycena rosella,серпень — жовтень.,"хвойні ліси, на опалій хвої, часто серед моху; росте невеликими групами.",,"• Шапка: 0,5–1,5 см у діаметрі; спочатку дзвоникоподібна, потім опукла або плоско-розпростерта; жовтувато-рожева, рожева, до краю червонувата; поверхня гладенька, злегка рубчаста; край рівний, тонкий, іноді хвилястий. • Пластинки: рожевуваті, з віком бліднішають; прирослі, досить густі. • Ніжка: 2,5–4 см × 0,1 см; циліндрична, кольору шапки або світліша; гладенька, порожниста; без кільця та піхви. • М’якоть: тонка, білувато-рожева; на зламі не змінюється; без виразного запаху; смак м’який. • Споровий порошок: білий."
Mycena epipterygia,серпень — жовтень.,"на мохах, на стовбурах дерев, на гнилій деревині; часто серед вологого моху.",,"• Шапка: 1–2,5 см у діаметрі; дзвоникоподібна, потім опукла або плоско-розпростерта; сірувато-коричнева, жовтувата, іноді з оливковим відтінком; поверхня дуже клейка, рубчаста; край тонкий, рубчастий. • Пластинки: білі, згодом сіруваті; прирослі, густі. • Ніжка: 5–8 см × 0,1–0,17 см; циліндрична, лимонно-жовта; клейка, гладенька, порожниста; без кільця та піхви. • М’якоть: тонка, білувата; на зламі не змінюється; з неприємним запахом; смак м’який. • Споровий порошок: білий."
Mycena inclinata,травень — листопад.,"пні листяних дерев, часто великими групами; росте на гнилій деревині.",,"• Шапка: 2,5–4 см у діаметрі; дзвоникоподібна, згодом опукла або плоско-розпростерта; брудно-біла, чорнувата, сіро-коричнева, з радіальними штрихами; поверхня гладенька, злегка рубчаста; край нерівний. • Пластинки: білуваті, згодом рожевуваті; прирослі, густі. • Ніжка: 4–9 см; циліндрична, часто нахилена; жовта, біля основи червоно-коричнева; гладенька, порожниста; без кільця та піхви. • М’якоть: тонка, білувата; на зламі не змінюється; з неприємним запахом; смак м’який. • Споровий порошок: білий."
Mycena aetites,серпень — жовтень.,"хвойні ліси, на гнилих пнях, на опалій хвої; часто групами.",,"• Шапка: 1–5 см у діаметрі; спочатку дзвоникоподібна, потім опукла або плоско-розпростерта; бурувато-коричнювато-сіра, коричнева, з радіальними рубчиками; поверхня гладенька, суха; край рубчастий. • Пластинки: сіро-коричневі; прирослі, густі. • Ніжка: 5–7 см × 0,2 см; циліндрична, кольору шапки; гладенька, порожниста; без кільця та піхви. • М’якоть: тонка, білувата; на зламі не змінюється; з дуже сильним аміачним запахом; смак м’який. • Споровий порошок: білий."
Mycena galopus,серпень — жовтень.,"листяні та хвойні ліси, на ґрунті, опалому листі, гнилій деревині.",,"• Шапка: 1–3 см у діаметрі; дзвоникоподібна, згодом опукла або плоско-розпростерта; коричнювата, сірувато-коричнева; поверхня гладенька, злегка рубчаста; край рівний. • Пластинки: білуваті; прирослі, густі. • Ніжка: 4–8 см × 0,1–0,15 см; циліндрична, коричнювата; при пошкодженні виділяє білий молочний сік; гладенька, порожниста; без кільця та піхви. • М’якоть: тонка, білувата; на зламі не змінюється; без особливого запаху; смак м’який. • Споровий порошок: білий."
Mycena sanguinolenta,травень — жовтень.,"листяні та хвойні ліси, на ґрунті, опалому листі, гнилій деревині.",,"• Шапка: 0,6–2 см у діаметрі; дзвоникоподібна, згодом опукла або плоско-розпростерта; коричнювато-червона, червонувато-коричнева; поверхня гладенька, злегка рубчаста; край рівний. • Пластинки: білуваті; прирослі, густі. • Ніжка: 4–8 см × 0,1–0,15 см; циліндрична, коричнювато-червона; при пошкодженні виділяє коричнювато-червоний сік; гладенька, порожниста; без кільця та піхви. • М’якоть: тонка, білувата; на зламі не змінюється; без особливого запаху; смак м’який. • Споровий порошок: білий."
Marasmius oreades,травень — жовтень (масово у травні-червні та вересні).,"луки, пасовища, галявини, узбіччя; утворює характерні «відьмині кільця».",,"• Шапка: 2–5 см у діаметрі; спочатку дзвоникоподібна, потім опукла або плоско-розпростерта, часто з горбочком; кремова, кольору шкіри, вохряно-кремова; поверхня гладенька, суха, матова; край рівний, іноді хвилястий. • Пластинки: білі, згодом кремові; рідкі, широкі; прирослі або майже вільні. • Ніжка: 4–7 см × 0,3–0,5 см; циліндрична, білувата; щільна, волокниста; без кільця та піхви. • М’якоть: білуватий, тонкий; на зламі не змінюється; з приємним грибним запахом; смак приємний. • Споровий порошок: білий."
Marasmius alliaceus,серпень — жовтень.,"листяні (особливо букові) та хвойні ліси, на опалому листі, гнилій деревині.",,"• Шапка: 2–5 см у діаметрі; спочатку дзвоникоподібна, потім опукла або плоско-розпростерта; біла, білувата, згодом коричнювато-кремова; поверхня гладенька, суха; край рівний. • Пластинки: білуваті; прирослі, густі. • Ніжка: 4,5–20 см × 0,1–0,3 см; циліндрична, дуже довга; темна, майже чорна; гладенька, волокниста, щільна; без кільця та піхви. • М’якоть: білуватий, тонкий; на зламі не змінюється; з дуже сильним запахом часнику; смак грибний. • Споровий порошок: білий."
Marasmius scorodonius,липень — жовтень.,"хвойні та листяні ліси, на ґрунті, опалій хвої, гілочках; часто групами.",,"• Шапка: 1–3,5 см у діаметрі; спочатку дзвоникоподібна, потім опукла або плоско-розпростерта; червонувато-коричнювата, з віком вицвітає до світло-коричневої; поверхня гладенька, суха; край рівний, тонкий. • Пластинки: білі, червонувато-білі; прирослі, густі. • Ніжка: 2–4 см × 0,1–0,2 см; циліндрична, червонувато-темно-коричнева; гладенька, щільна; без кільця та піхви. • М’якоть: білуватий, тонкий; на зламі не змінюється; з дуже сильним запахом часнику; смак грибний. • Споровий порошок: білий."
Marasmius prasiosmus,серпень — жовтень.,"листяні ліси, на опалому листі дуба, бука; часто великими групами.",,"• Шапка: 1–4 см у діаметрі; спочатку дзвоникоподібна, потім опукла або плоско-розпростерта; жовтувата, вохряно-бура, коричнювата, до краю світліша; поверхня гладенька, суха; край рівний, тонкий. • Пластинки: брудно-жовтуваті; прирослі, густі. • Ніжка: 2–6 см × 0,15–0,4 см; циліндрична, рудувата, коричнева; гладенька, щільна; без кільця та піхви. • М’якоть: білуватий, тонкий; на зламі не змінюється; з дуже сильним запахом часнику; смак грибний. • Споровий порошок: білий."
Marasmius rotula,червень — жовтень.,"на гнилих гілках, опалому листі, гнилій деревині; часто великими групами.",,"• Шапка: 0,5–1,5 см у діаметрі; спочатку дзвоникоподібна, згодом опукла або плоско-розпростерта, часто з невеликим заглибленням у центрі; біла, білувата, в центрі темніша (сірувато-коричнева); поверхня гладенька, радіально-рубчаста; край рівний, тонкий, іноді хвилястий. • Пластинки: білі, рідкі, вузькі; не доходять до ніжки, утворюють навколо неї характерне кільце (коларіум). • Ніжка: 2–6 см × 0,1–0,2 см; циліндрична, темно-коричнева, чорнувата; блискуча, гладенька, щільна, волокниста; без кільця та піхви. • М’якоть: тонка, білувата; на зламі не змінюється; без особливого запаху; смак м’який. • Споровий порошок: білий."
Marasmius epiphyllus,червень — жовтень.,"на опалому листі дерев (дуб, бук, граб), на черешках листків; часто великими групами.",,"• Шапка: 0,5–1 см у діаметрі; дуже тонка, майже прозора, плівчаста; спочатку опукла, згодом плоско-розпростерта; біла, брудно-біла, іноді з рожевим або кремовим відтінком; поверхня гладенька, злегка рубчаста; край рівний, тонкий. • Пластинки: білуваті, рідкі, вузькі; прирослі або майже вільні. • Ніжка: 1–2 см × 0,05–0,1 см; капіляровидна, жовтувата, коричнева; гладенька, блискуча, щільна; без кільця та піхви. • М’якоть: дуже тонка, білувата; на зламі не змінюється; без особливого запаху; смак м’який. • Споровий порошок: білий."
Entoloma clypeatum,травень — червень.,"сади, полезахисні смуги, насадження абрикоса, зрідка під вишнею; мікоризний гриб.",,"• Шапка: 5–12 см у діаметрі; щільно-товстом’ясиста; спочатку дзвоникоподібна або опукла, згодом опукла або плоско-розпростерта, часто асиметрична, з нерівним, хвилястим або лопатевим краєм; сіра, коричнювато-сіра, брудно-біла; поверхня гладенька, суха, іноді злегка луската, часто тріщинувата. • Пластинки: білі, брудно-білі, згодом брудно-рожеві; широкі, густі; прирослі або майже вільні. • Ніжка: 5–10 см × 1–3 см; циліндрична, щільна, біла, волокниста, з підземним виростом; без кільця та піхви. • М’якоть: білий, дуже щільний; на зламі не змінюється; з приємним запахом борошна; смак приємний. • Споровий порошок: рожевий."
Entoloma rhodopolium,серпень — вересень.,"дубові та букові ліси, на ґрунті.",,"• Шапка: 4–10 (11) см у діаметрі; тонком’ясиста; спочатку дзвоникоподібна, згодом опукла або плоско-розпростерта, часто з горбочком; сіра, оливкувато-сіра, жовтувато-сіра; поверхня гладенька, гола, злегка рубчаста; край рівний, тонкий, іноді хвилястий. • Пластинки: білуваті, згодом брудно-рожеві; широкі, густі; прирослі. • Ніжка: 5–10 см × 1–3 см; циліндрична, щільна, біла, згодом сірувата, волокниста; без кільця та піхви. • М’якоть: білий, щільний; на зламі не змінюється; з запахом борошна, при підсиханні з неприємним запахом; смак м’який. • Споровий порошок: рожевий."
Entoloma nidorosum,серпень — жовтень.,"листяні ліси, на ґрунті, серед опалого листя.",,"• Шапка: 5–7 см у діаметрі; спочатку дзвоникоподібна, згодом опукла або плоско-розпростерта, іноді увігнута, зрідка з невиразним горбочком; оливкувато-сіра; поверхня гола, при підсиханні світлішає, блискуча, шовковиста; край рівний, тонкий. • Пластинки: білуваті, згодом брудно-рожеві; широкі, густі; прирослі. • Ніжка: 5–8 (9) см × 0,2–0,8 см; циліндрична, білувата; гола, вгорі борошниста, щільна, згодом з порожниною; без кільця та піхви. • М’якоть: білуватий, тонкий; на зламі не змінюється; з дуже сильним аміачним запахом; смак м’який. • Споровий порошок: рожевий."
Entoloma sericeum,вересень — листопад.,"луки, лісові галявини, пасовища; часто великими групами.",,"• Шапка: 3–6 см у діаметрі; спочатку дзвоникоподібна, згодом опукла або плоско-розпростерта, іноді з горбочком; темно-буро-коричнева, з віком вицвітає до сіро-коричневої; поверхня гола, при зволоженні шовковисто-блискуча, до краю радіально-рубчаста; край рівний, тонкий. • Пластинки: брудно-білі, коричнюваті, згодом бурувато-рожеві; широкі, густі; прирослі. • Ніжка: 3–7 см × 0,2–0,5 см; циліндрична, часом перекручена; коричнювато-бурувата або сірувата; штрихувата, біловолокниста, з порожниною; без кільця та піхви. • М’якоть: білуватий, тонкий; на зламі не змінюється; з сильним запахом борошна; смак м’який. • Споровий порошок: рожевий."
Entoloma jubatum,серпень — жовтень.,"листяні ліси, на болотистих місцях, серед сфагнів.",,"• Шапка: 4–6 (8) см у діаметрі; спочатку дзвоникоподібна, згодом опукла або плоско-розпростерта, часто з горбочком; буро-коричнева; поверхня бархатиста або тонкоповстиста, злегка радіально-волокниста, з часом майже гола, вицвітає до сірої; край рівний, тонкий. • Пластинки: рожевуваті, згодом червонуваті; широкі, густі; прирослі. • Ніжка: 5–8 см × 0,4–0,7 см; циліндрична, кольору шапки; волокнисто-штрихувата, щільна, з порожниною; без кільця та піхви. • М’якоть: білуватий, тонкий; на зламі не змінюється; з сильним запахом борошна; смак м’який. • Споровий порошок: рожевий."
Entoloma aprile,квітень — травень.,"листяні ліси, на ґрунті, серед опалого листя; росте навесні.",,"• Шапка: 6 см у діаметрі; тонком’ясиста; спочатку конусовидно-дзвоникоподібна, згодом конусовидно-розпростерта, з горбочком у центрі; рудо-коричнева, згодом буро-коричнева, при підсиханні вицвітає до сірої; поверхня гола, клейкувата, згодом суха; край тонкий, рубчастий. • Пластинки: сіруваті, коричнювато-сірі, згодом сірувато- або коричнювато-червонуваті; широкі, густі; прирослі. • Ніжка: 5–7 см × 0,3–1 (1,3) см; циліндрична, з порожниною; білувато-коричнювато-сіра; волокнисто-штрихувата, часом волокнисто-шерстиста; без кільця та піхви. • М’якоть: сіруватий або буруватий, тонкий; на зламі не змінюється; зі слабким запахом борошна; смак м’який. • Споровий порошок: рожевий."
Pluteus cervinus,травень — жовтень.,"пні, стовбури, гнила деревина листяних дерев; часто групами.",,"• Шапка: 5–12 см у діаметрі; спочатку дзвоникоподібна, згодом опукла або плоско-розпростерта, часто з невеликим горбочком; коричнева, сірувато-бура; поверхня гладенька або радіально-волокниста, суха, матова; край рівний, тонкий, іноді розтрісканий. • Пластинки: вільні, білі, згодом рожеві; широкі, густі. • Ніжка: 5–10 см × 0,5–1,5 см; циліндрична, білувата; темноволокниста, щільна; без кільця та піхви. • М’якоть: білий, м’який; на зламі не змінюється; з неприємним запахом редьки; смак м’який, злегка редьковий. • Споровий порошок: рожевий."
Pluteus salicinus,травень — жовтень.,"стовбури верби, вільхи; на гнилій деревині.",,"• Шапка: 2–8 см у діаметрі; спочатку дзвоникоподібна, згодом опукла або плоско-розпростерта; сріблясто- або синювато-сіра, синювато-зеленувата; поверхня гладенька, волокниста, суха; край рівний, тонкий. • Пластинки: вільні, білуваті, згодом червонуваті; широкі, густі. • Ніжка: 3–6 см × 0,3–0,5 см; циліндрична, біла, до основи синювато-зелена; волокниста, щільна; без кільця та піхви. • М’якоть: білуватий; на зламі зеленіє; запах і смак м’які, грибні. • Споровий порошок: рожевий."
Hygrophorus eburneus,вересень — листопад.,"листяні ліси, на ґрунті, серед опалого листя; часто групами.",,"• Шапка: 3–10 см у діаметрі; спочатку конусовидна, згодом опукло- або плоско-розпростерта, з підігнутим тонкоповстистим краєм; біла, білувата; поверхня дуже слизька, гола, блискуча; край рівний, тонкий. • Пластинки: білі, рідкі, товсті; низько спускаються на ніжку; прирослі. • Ніжка: 4–12 см × 0,8–1,5 см; циліндрична, щільна, біла; слизька, вгорі луската, з часом з порожниною; без кільця та піхви. • М’якоть: білий, щільний; на зламі не змінюється; зі слабким грибним запахом; смак м’який. • Споровий порошок: білий."
Hygrophorus chrysodon,вересень — листопад.,"листяні (букові, дубові), рідше хвойні ліси; часто групами.",,"• Шапка: 2–8 см у діаметрі; щільно-товстом’ясиста; спочатку опукла, згодом плоско-розпростерта, з горбочком; біла, до краю лимонно-жовта; поверхня волосисто-шерстиста, пластівчаста; край рівний, тонкий. • Пластинки: білі, згодом жовтуваті, рідкі, товсті; прирослі або злегка спускаються на ніжку. • Ніжка: 5–8 см × 1–1,5 см; циліндрична, щільна, біла; вгорі жовтозерниста, з кільцевидним потовщенням; без справжнього кільця. • М’якоть: білий, щільний; на зламі не змінюється; зі специфічним запахом; смак м’який. • Споровий порошок: білий."
Hygrophorus hypothejus,вересень — листопад.,"соснові ліси, на ґрунті, серед опалої хвої; часто групами.",,"• Шапка: 3–6 (12) см у діаметрі; напівсферична, згодом опукло- або плоско-розпростерта; бурувато-оливкова, оливково-коричнева або рудувата; поверхня дуже слизька, гола, з віком світлішає до жовтої; край рівний, тонкий, іноді хвилястий. • Пластинки: жовтуваті, згодом оранжево-жовті, вузькі; спускаються на ніжку; прирослі. • Ніжка: 5–10 см × 0,6–1 см; циліндрична, лимонно-жовта, вгорі та біля основи біла; слизька, з кільцевидними залишками покривала; без справжнього кільця. • М’якоть: білий, під шкіркою жовтуватий; на зламі не змінюється; з приємним грибним запахом; смак м’який. • Споровий порошок: білий."
Hygrophorus olivaceo-albus,вересень — листопад.,"соснові ліси, на ґрунті, серед опалої хвої; часто групами.",,"• Шапка: 2,5–6 (10) см у діаметрі; тупоконусовидна, згодом опукло-розпростерта, часто з горбочком; бурувато-оливкувата або оливково-коричнювата, в центрі темніша, до краю світліша; поверхня слизька, гола; край рівний, тонкий. • Пластинки: білі, рідкі; спускаються на ніжку; прирослі. • Ніжка: 8–12 (14) см × 0,6–1,2 см; циліндрична, білувата, коричнювато-сіра; слизька, вгорі темноплівчасто-луската, з кільцевидним потовщенням, утвореним слизьким покривалом. • М’якоть: білий, під шкіркою жовтуватий; на зламі не змінюється; без особливого запаху; смак м’який. • Споровий порошок: білий."
Hygrophorus russula,вересень — листопад.,"листяні ліси, на ґрунті; часто групами.",,"• Шапка: 3–20 см у діаметрі; щільно-товстом’ясиста, опукла, подушковидна, часто асиметрична; спочатку біла, згодом рожева, пурпурова, з розпливчастими плямами; поверхня слизька, луската; край рівний, іноді хвилястий. • Пластинки: дуже густі, білі, згодом червонуваті; прирослі або злегка спускаються на ніжку. • Ніжка: 3–8 см × 1–3 см; циліндрична, щільна, вгорі біла, нижче кольору шапки; волокниста; без кільця та піхви. • М’якоть: білий, щільний; на зламі в шапці майже не змінюється, в ніжці червоніє; з приємним запахом; смак м’який. • Споровий порошок: білий."
Hygrophorus pratensis,вересень — листопад.,"луки, пасовища, лісові галявини, на ґрунті; часто групами.",,"• Шапка: 3–10 см у діаметрі; щільно-товстом’ясиста, плоско-, опукло- або увігнуто-розпростерта, з горбочком; рудувато-оранжева, іноді рудувато-коричнева, з віком вицвітає; поверхня гола, гладенька, суха; край рівний, тонкий, іноді хвилястий. • Пластинки: дуже рідкі, товсті, кольору шапки, широкі; спускаються на ніжку; прирослі. • Ніжка: 4–7 (10) см × 0,6–1,8 см; циліндрична, донизу злегка потоншується; кольору шапки; гола, гладенька, щільна; без кільця та піхви. • М’якоть: світло-рудуватий, щільний; на зламі не змінюється; з приємним запахом; смак м’який. • Споровий порошок: білий."
Hygrophorus nemoreus,вересень — листопад.,"листяні ліси, на ґрунті; часто групами.",,"• Шапка: 3–8 см у діаметрі; щільно-товстом’ясиста, опукла, згодом плоско-розпростерта; рудувато-оранжева, суха, шорстка, іноді тонковолокниста, майже повстиста; край рівний, тонкий. • Пластинки: кольору шапки, товсті, низько спускаються на ніжку; прирослі. • Ніжка: 4–8 см × 1–1,8 см; циліндрична, щільна, кольору шапки; волокнисто-штрихувата; без кільця та піхви. • М’якоть: щільний, білий; на зламі не змінюється; з приємним запахом; смак м’який. • Споровий порошок: білий."
Hygrophorus camarophyllus,вересень — жовтень.,"хвойні та мішані ліси, на ґрунті; часто групами.",,"• Шапка: 5–18 см у діаметрі; щільно-товстом’ясиста, конусовидно-, опукло- або увігнуто-розпростерта; коричнево- або буро-сіра, в центрі темніша; поверхня спочатку клейкувата, згодом суха, грубоволокниста; край рівний, тонкий. • Пластинки: білі, з часом сіруваті, рідкі, товсті, широкі; низько спускаються на ніжку. • Ніжка: 6–12 см × 1–2,5 см; циліндрична, донизу поступово звужується; кольору шапки; волокнисто-штрихувата, щільна, з підземним виростом; без кільця та піхви. • М’якоть: білий, з віком злегка буріє; на зламі не змінюється; без особливого запаху; смак м’який. • Споровий порошок: білий."
Hygrophorus virgineus,серпень — жовтень.,"луки, пасовища, лісові галявини, на ґрунті; часто групами.",,"• Шапка: 2–5 (6) см у діаметрі; м’ясиста, опукло-розпростерта, з підігнутим, іноді лопатевидним краєм; біла, гола, гладенька, іноді з червонуватими розпливчастими плямами; край рівний, тонкий. • Пластинки: білі, дуже рідкі, товсті; низько спускаються на ніжку; прирослі. • Ніжка: 2–5 (6) см × 0,5–1,5 см; циліндрична, донизу звужена; біла, гола, гладенька; щільна; без кільця та піхви. • М’якоть: білий, щільний; на зламі не змінюється; без особливого запаху; смак м’який. • Споровий порошок: білий."
Hygrophorus fornicatus,серпень — жовтень.,"луки, ліси, галявини, на ґрунті.",,"• Шапка: 3–6 см у діаметрі; здебільшого асиметрична, конусовидна, дзвоникоподібна, згодом розпростерта, з горбочком; біла, брудно-біла, іноді з оливковим або коричнюватим відтінком у центрі; поверхня гола, гладенька; край рівний, тонкий. • Пластинки: білі, широкоприрослі; рідкі, товсті. • Ніжка: 3–6 (8) см × 0,4–1,2 см; циліндрична, донизу звужена; кольору шапки; гладенька, щільна; без кільця та піхви. • М’якоть: білий, щільний; на зламі не змінюється; без особливого запаху; смак м’який. • Споровий порошок: білий."
Hygrophorus foetens,серпень — жовтень.,"трав’янисті місця, луки, галявини, на ґрунті.",,"• Шапка: 1,5–2,5 см у діаметрі; напівкуляста, згодом розпростерта; бура або темно-коричнева, при достиганні тріщинувата; суха, гола або злегка повстиста; край рівний. • Пластинки: брудно-сірі, спускаються на ніжку; рідкі. • Ніжка: 2,5–4 см × 0,3–0,4 см; циліндрична, кольору шапки; щільна; без кільця та піхви. • М’якоть: буруватий, тонкий; на зламі не змінюється; з дуже неприємним запахом; смак м’який. • Споровий порошок: білий."
Hygrophorus capreolarius,серпень — жовтень.,"хвойні та мішані ліси, на ґрунті.",,"• Шапка: 4–8 см у діаметрі; напівкуляста, згодом опукло-розпростерта, з тупим горбочком у центрі, зрідка увігнута, з опущеним краєм; кольору вина, коричнево-пурпурова; поверхня волокниста, злегка повстиста; край рівний, тонкий. • Пластинки: кольору шапки, з прожилками, біля ніжки вилочковидно розгалужені; спускаються на ніжку. • Ніжка: 3–6 см × 0,8–2,5 см; донизу злегка потовщена; кольору шапки або світліша; сітчаста, щільна; без кільця та піхви. • М’якоть: пурпуровий, коричнювато-червоний; на зламі не змінюється; з приємним запахом; смак м’який. • Споровий порошок: рожевувато-білий."
Hygrophorus marzuolus,квітень — травень (навесні або на початку літа).,"хвойні ліси, переважно гірські, на ґрунті; часто групами.",,"• Шапка: 4–10 см у діаметрі; щільно-товстом’ясиста, опукло- або подушковидно-розпростерта, іноді асиметрична; білувата, згодом сіра, до бурувато- або чорнувато-сірої; поверхня суха, гола; край опущений, нерівний, часто хвилястий. • Пластинки: білі, білуваті, сірі, рідкі, вузькі; злегка спускаються на ніжку. • Ніжка: 3–6 см × 1,5–4 см; циліндрична, біла, білувата, сіра; вгорі борошниста, щільна, часто з порожниною, нижче волокниста; без кільця та піхви. • М’якоть: щільний, білий; на зламі згодом сіріє; з приємним запахом; смак м’який. • Споровий порошок: білий."
Hygrophorus penarius,вересень — листопад.,"листяні ліси, звичайно під буком (Fagus); на ґрунті.",,"• Шапка: (5) 6–10 см у діаметрі; опукло-розпростерта, іноді з горбочком; щільном’ясиста; білувата, кольору шкіри, жовтувата, солом’яно-жовта, до краю світліша; поверхня спочатку клейкувата, згодом суха; край рівний, тонкий. • Пластинки: кремові, жовтуваті, дуже низько спускаються на ніжку; рідкі. • Ніжка: 3–6 см × 1,5–2 см; до середини потовщена, з кореневидним виростом; кольору шапки; тонкозерниста, щільна; без кільця та піхви. • М’якоть: білий, щільний; на зламі не змінюється; з приємним запахом; смак м’який. • Споровий порошок: білий."
Hygrophorus lucorum,вересень — листопад.,"модринові насадження, на ґрунті; часто групами.",,"• Шапка: 2–5 см у діаметрі; б.-м. опукло-розпростерта з опущеним краєм; лимонно-жовта, по краю з залишками покривала; поверхня слизька, гола; край рівний, тонкий. • Пластинки: білуваті, згодом жовтіють, злегка спускаються на ніжку; рідкі. • Ніжка: 4–6 см × 0,7–1 см; циліндрична, білувата або світло-лимонно-жовта, з залишками кортини; біловолокниста, вгорі борошнисто-біла, щільна; без справжнього кільця. • М’якоть: білий, під шкіркою жовтий; на зламі не змінюється; без особливого запаху; смак м’який. • Споровий порошок: білий."
Coprinus comatus,травень — листопад.,"луки, пасовища, городи, узбіччя, газони; часто групами.",,"• Шапка: 5–15 см у діаметрі; циліндрична, видовжена, біла, з буруватими лусками; поверхня волокнисто-луската; край підігнутий, з часом розпливається. • Пластинки: вільні, білі → рожеві → чорні, розпливаються (автоліз); дуже густі. • Ніжка: 10–20 см × 1–2 см; циліндрична, біла, з рухомим кільцем; щільна, порожниста; з кільцем. • М’якоть: білий, м’який; на зламі не змінюється; без особливого запаху; смак м’який. • Споровий порошок: чорний."
Coprinus atramentarius,травень — листопад.,"сади, городи, узбіччя, пні; часто групами.",,"• Шапка: 3–8 см у діаметрі; дзвоникоподібна, згодом розпростерта; сірувато-коричнева, з лусками; поверхня волокнисто-луската; край підігнутий, з часом розпливається. • Пластинки: білі → чорні, розпливаються (автоліз); вільні, густі. • Ніжка: 5–10 см × 0,5–1,5 см; циліндрична, біла, без кільця; щільна, порожниста. • М’якоть: білий, м’який; на зламі не змінюється; без особливого запаху; смак м’який. • Споровий порошок: чорний."
Coprinus micaceus,травень — листопад.,"пні, стовбури, ґрунт; часто великими групами.",,"• Шапка: 2–5 см у діаметрі; дзвоникоподібна, згодом розпростерта; жовтувато-коричнева, з блискучими зернятками; поверхня зернисто-луската; край підігнутий, з часом розпливається. • Пластинки: білі → чорні, розпливаються (автоліз); вільні, густі. • Ніжка: 3–8 см × 0,2–0,4 см; циліндрична, біла; щільна, порожниста; без кільця. • М’якоть: білий, тонкий; на зламі не змінюється; без особливого запаху; смак м’який. • Споровий порошок: чорний."
Coprinus radians,травень — жовтень.,"пні, стовбури; часто групами.",,"• Шапка: 1–3 см у діаметрі; дзвоникоподібна, згодом розпростерта; жовтувато-оранжева, з волокнистими лусками; поверхня волокнисто-луската; край підігнутий, з часом розпливається. • Пластинки: чорні, розпливаються (автоліз); вільні, густі. • Ніжка: 2–5 см × 0,2–0,3 см; циліндрична, білувата; щільна, порожниста; без кільця. • М’якоть: тонкий, білуватий; на зламі не змінюється; без особливого запаху; смак м’який. • Споровий порошок: чорний."
Coprinus lagopus,травень — жовтень.,"гній, рослинні рештки; часто групами.",,"• Шапка: 1–3 см у діаметрі; дзвоникоподібна, згодом розпростерта; білувата, з волосками; поверхня волосиста; край підігнутий, з часом розпливається. • Пластинки: чорні, розпливаються (автоліз); вільні, густі. • Ніжка: 3–8 см × 0,2–0,3 см; циліндрична, біла, волосиста; щільна, порожниста; без кільця. • М’якоть: тонкий, білуватий; на зламі не змінюється; без особливого запаху; смак м’який. • Споровий порошок: чорний."
Hypholoma fasciculare,травень — листопад.,"пні, стовбури, гнила деревина; великими групами.",,"• Шапка: 2–6 см у діаметрі; спочатку дзвоникоподібна, згодом плоско-розпростерта, часто з горбочком; сірчано-жовта, в центрі оранжево-коричнева; поверхня гладенька, гола; край рівний, тонкий. • Пластинки: сірчано-жовті → оливково-чорні; густі, прирослі. • Ніжка: 3–10 см × 0,3–0,8 см; циліндрична, сірчано-жовта, волокниста; щільна, порожниста; без кільця та піхви. • М’якоть: жовтуватий; на зламі не змінюється; з неприємним запахом; смак дуже гіркий. • Споровий порошок: оливково-чорний."
Hypholoma capnoides,серпень — жовтень.,"пні, стовбури хвойних; великими групами.",,"• Шапка: 2–6 см у діаметрі; спочатку дзвоникоподібна, згодом плоско-розпростерта; жовтувато-коричнева, до краю світліша; поверхня гладенька, гола; край рівний, тонкий. • Пластинки: сірі → димчасто-сірі; густі, прирослі. • Ніжка: 3–8 см × 0,3–0,6 см; циліндрична, жовтувата, волокниста; щільна, порожниста; без кільця та піхви. • М’якоть: білуватий; на зламі не змінюється; з приємним запахом; смак м’який, без гіркоти. • Споровий порошок: темно-коричневий."
Stropharia aeruginosa,серпень — жовтень.,"ліси, пасовища, гній; часто групами.",,"• Шапка: 3–8 см у діаметрі; спочатку напівсферична, згодом плоско-розпростерта; синьо-зелена, з білими пластівцями; поверхня слизька, гола; край рівний, тонкий, з пластівцями. • Пластинки: сірі → темно-коричневі; густі, прирослі. • Ніжка: 4–8 см × 0,5–1 см; циліндрична, синьо-зелена, з кільцем; щільна, порожниста. • М’якоть: синювато-зелений; на зламі не змінюється; без особливого запаху; смак м’який. • Споровий порошок: темно-пурпурово-коричневий."
Pholiota squarrosa,серпень — жовтень.,"пні, стовбури; великими групами.",,"• Шапка: 5–12 см у діаметрі; спочатку дзвоникоподібна, згодом плоско-розпростерта; жовтувато-іржава, з відстовбурченими лусками; поверхня луската; край підігнутий, з лусками. • Пластинки: жовтуваті → іржаво-коричневі; густі, прирослі. • Ніжка: 5–10 см × 1–2 см; циліндрична, з кільцем, луската; щільна, порожниста. • М’якоть: жовтуватий; на зламі не змінюється; з запахом редьки; смак м’який. • Споровий порошок: іржаво-коричневий."
Pholiota aurivella,серпень — жовтень.,стовбури листяних дерев; часто групами.,,"• Шапка: 5–15 см у діаметрі; спочатку дзвоникоподібна, згодом плоско-розпростерта; золотисто-жовта, з іржавими лусками; поверхня луската, слизька; край підігнутий, з лусками. • Пластинки: жовтуваті → іржаво-коричневі; густі, прирослі. • Ніжка: 5–10 см × 1–2 см; циліндрична, з кільцем, луската; щільна, порожниста. • М’якоть: жовтуватий; на зламі не змінюється; з приємним запахом; смак м’який. • Споровий порошок: іржаво-коричневий."
Cortinarius violaceus,серпень — жовтень.,листяні та хвойні ліси; часто групами.,,"• Шапка: 5–15 см у діаметрі; спочатку напівсферична, згодом плоско-розпростерта; темно-фіолетова, оксамитова; поверхня тонкоповстиста; край підігнутий, з кортиною. • Пластинки: фіолетові → іржаво-бурі; густі, прирослі. • Ніжка: 6–12 см × 1–2 см; циліндрична, фіолетова, з кортиною; щільна, порожниста; без кільця, з кортиною. • М’якоть: фіолетовий; на зламі не змінюється; з приємним запахом; смак м’який. • Споровий порошок: іржаво-коричневий."
Cortinarius armillatus,серпень — жовтень.,"хвойні та мішані ліси, під березою; часто групами.",,"• Шапка: 4–10 см у діаметрі; спочатку дзвоникоподібна, згодом плоско-розпростерта; іржаво-коричнева; поверхня волокниста; край підігнутий, з кортиною. • Пластинки: брудно-іржаві; густі, прирослі. • Ніжка: 6–12 см × 1–2 см; циліндрична, світло-коричнева, з цегляно-червоними кільцями (браслетами); щільна, порожниста. • М’якоть: буруватий; на зламі не змінюється; без особливого запаху; смак м’який. • Споровий порошок: іржаво-коричневий."
Cortinarius triumphans,серпень — жовтень.,"листяні та мішані ліси, під березою; часто групами.",,"• Шапка: 5–12 см у діаметрі; спочатку напівсферична, згодом плоско-розпростерта; жовтувато-оранжева; поверхня слизька, гола; край підігнутий, з кортиною. • Пластинки: блідо-сірі → іржаво-бурі; густі, прирослі. • Ніжка: 6–12 см × 1–2 см; циліндрична, білувата, з кортиною; щільна, порожниста. • М’якоть: білий; на зламі не змінюється; з приємним запахом; смак м’який. • Споровий порошок: іржаво-коричневий."
Inocybe rimosa,липень — жовтень.,листяні та хвойні ліси; часто групами.,,"• Шапка: 1–3 см у діаметрі; спочатку конусовидна, згодом плоско-розпростерта, з горбочком; біла, шовковиста; поверхня гладенька, радіально-волокниста; край рівний, тонкий. • Пластинки: білі → брудно-сірі; густі, прирослі. • Ніжка: 3–6 см × 0,2–0,4 см; циліндрична, біла; щільна, порожниста; без кільця та піхви. • М’якоть: білий; на зламі не змінюється; із запахом землі; смак м’який. • Споровий порошок: брудно-коричневий."
Inocybe fastigiata,липень — жовтень.,листяні та хвойні ліси; часто групами.,,"• Шапка: 2–6 см у діаметрі; спочатку конусовидна, згодом плоско-розпростерта, з горбочком; жовтувато-коричнева; поверхня радіально-волокниста; край рівний, розтрісканий. • Пластинки: білуваті → брудно-коричневі; густі, прирослі. • Ніжка: 4–8 см × 0,3–0,6 см; циліндрична, білувата; щільна, порожниста; без кільця та піхви. • М’якоть: білий; на зламі не змінюється; з неприємним запахом; смак м’який. • Споровий порошок: брудно-коричневий."
Macrolepiota rhacodes,липень — жовтень.,"ліси, парки; часто групами.",,"• Шапка: 5–15 см у діаметрі; спочатку яйцевидна, згодом конусовидно- або плоско-розпростерта; сірувато-коричнева, з великими лусками; поверхня луската; край рівний, з пластівцями. • Пластинки: білі → рожеві; густі, вільні. • Ніжка: 8–15 см × 1–2 см; циліндрична, білувата, з кільцем; щільна, порожниста. • М’якоть: білий; на зламі червоніє; з приємним запахом; смак м’який. • Споровий порошок: білий."
Lepiota clypeolaria,серпень — жовтень.,листяні та хвойні ліси; часто групами.,,"• Шапка: 3–8 см у діаметрі; спочатку дзвоникоподібна, згодом плоско-розпростерта; білувата, з жовтувато-коричневими лусочками; поверхня луската; край рівний, з пластівцями. • Пластинки: білі; густі, вільні. • Ніжка: 4–8 см × 0,5–1 см; циліндрична, білувата, з кільцем; щільна, порожниста. • М’якоть: білий; на зламі не змінюється; без особливого запаху; смак м’який. • Споровий порошок: білий."
Lepiota cristata,серпень — жовтень.,"ліси, сади; часто групами.",,"• Шапка: 2–5 см у діаметрі; спочатку дзвоникоподібна, згодом плоско-розпростерта; білувата, з червонувато-коричневими лусочками; поверхня луската; край рівний, з пластівцями. • Пластинки: білі; густі, вільні. • Ніжка: 3–6 см × 0,2–0,4 см; циліндрична, білувата, з кільцем; щільна, порожниста. • М’якоть: білий; на зламі не змінюється; з неприємним запахом; смак м’який. • Споровий порошок: білий."
Lepiota felina,серпень — жовтень.,хвойні ліси; часто групами.,,"• Шапка: 2–4 см у діаметрі; спочатку дзвоникоподібна, згодом плоско-розпростерта; білувата, з чорнуватими лусочками; поверхня луската; край рівний, з пластівцями. • Пластинки: білі; густі, вільні. • Ніжка: 3–5 см × 0,2–0,4 см; циліндрична, білувата, з кільцем; щільна, порожниста. • М’якоть: білий; на зламі не змінюється; без особливого запаху; смак м’який. • Споровий порошок: білий."
Lepiota lilacea,серпень — жовтень.,"ліси, трав’янисті місця; часто групами.",,"• Шапка: 2–4 см у діаметрі; спочатку дзвоникоподібна, згодом плоско-розпростерта; сірувато- або червонувато-коричнева, лілувата; поверхня луската; край рівний, з пластівцями. • Пластинки: білі; густі, вільні. • Ніжка: 2–4 см × 0,2–0,4 см; циліндрична, білувата, з кільцем; щільна, порожниста. • М’якоть: рожевуватий; на зламі не змінюється; з приємним запахом; смак м’який. • Споровий порошок: білий."
Lyophyllum decastes,серпень — жовтень.,"листяні ліси, галявини; великими групами.",,"• Шапка: 6–18 см у діаметрі; спочатку опукла, згодом плоско-розпростерта; коричнево-сіра, гола; поверхня гладенька, злегка волокниста; край рівний, тонкий, іноді хвилястий. • Пластинки: коричневі → жовтуваті; густі, прирослі. • Ніжка: 7–13 см × 1–3 см; циліндрична, білувата; щільна, волокниста; без кільця та піхви. • М’якоть: білий, щільний; на зламі не змінюється; з приємним запахом; смак м’який. • Споровий порошок: білий."
Lyophyllum connatum,серпень — жовтень.,листяні та хвойні ліси; великими групами.,,"• Шапка: 3–16 см у діаметрі; спочатку опукла, згодом плоско-розпростерта; біла, блискуча; поверхня гладенька; край рівний, тонкий. • Пластинки: білі → сірувато-кремові; густі, прирослі. • Ніжка: 4–10 см × 0,6–2 см; циліндрична, біла; щільна, волокниста; без кільця та піхви. • М’якоть: білий, щільний; на зламі не змінюється; з приємним парфумерним запахом; смак м’який. • Споровий порошок: білий."
Lyophyllum ulmarium,серпень — жовтень.,живі стовбури листяних дерев (в’яз); часто групами.,,"• Шапка: 7–25 см у діаметрі; спочатку опукла, згодом плоско-розпростерта; біла, кремова, коричнювата; поверхня гладенька; край рівний, тонкий. • Пластинки: білі; густі, прирослі. • Ніжка: 5–8 см × 2–3 см; циліндрична, білувата; щільна, волокниста; без кільця та піхви. • М’якоть: білий, жорсткуватий; на зламі не змінюється; з приємним запахом; смак м’який. • Споровий порошок: білий."
Lyophyllum loricatum,серпень — жовтень.,листяні (букові) ліси; часто групами.,,"• Шапка: 5–10 см у діаметрі; спочатку опукла, згодом плоско-розпростерта; каштаново-бура, чорнувата, зернисто-складчаста; поверхня складчаста; край рівний, тонкий. • Пластинки: брудно-білуваті; густі, прирослі. • Ніжка: 5–10 см × 0,1–0,15 см; циліндрична, світло-коричнювата; щільна, волокниста; без кільця та піхви. • М’якоть: крихкий, гіркуватий; на зламі не змінюється; без особливого запаху; смак гіркуватий. • Споровий порошок: білий."
Lyophyllum immundum,серпень — жовтень.,листяні та хвойні ліси; часто групами.,,"• Шапка: 4–8 см у діаметрі; спочатку опукла, згодом плоско-розпростерта; брудно-сіра, світло-коричнева; поверхня гладенька; край рівний, тонкий. • Пластинки: білуваті, при дотику чорніють; густі, прирослі. • Ніжка: 4–10 см × 0,6–1,2 см; циліндрична, світло-сіро-коричнева; щільна, волокниста; без кільця та піхви. • М’якоть: на повітрі чорніє; на зламі не змінюється; без особливого запаху; смак м’який. • Споровий порошок: білий."
Pleurotus cornucopiae,травень — жовтень.,"стовбури верби, в’яза, дуба, бука; часто групами.",,"• Шапка: 4–12 см у діаметрі; увігнуто-розпростерта, лійковидна; білувата, жовтувата, світло-вохряна; поверхня гладенька; край рівний, тонкий. • Пластинки: білі, вузькі, низько спускаються на ніжку, з анастомозами; густі. • Ніжка: коротка, ексцентрична, іноді центральна; білувата; щільна, волокниста; без кільця та піхви. • М’якоть: білуватий, щільний; на зламі не змінюється; з запахом борошна; смак м’який. • Споровий порошок: рожевуватий."
Pleurotus calyptratus,травень — жовтень.,"сухі стовбури тополі, осики; часто групами.",,"• Шапка: 3–10 см у діаметрі; сидяча, бічна, м’ясиста; сірувато-коричнювата; поверхня гладенька, шовковиста, при зволоженні клейка; край рівний, тонкий. • Пластинки: кремово-білуваті, при підсиханні жовті; густі, низько спускаються. • Ніжка: дуже коротка або відсутня; білувата. • М’якоть: білуватий, щільний; на зламі не змінюється; без особливого запаху; смак м’який. • Споровий порошок: білий."
Pleurotus eryngii,травень — жовтень.,кореневище миколайчиків польових; часто групами.,,"• Шапка: 4–7 см у діаметрі; опукло- або увігнуто-розпростерта; жовтувато-сірувата, коричнювата; поверхня гладенька; край рівний, тонкий. • Пластинки: білуваті, сіруваті; густі, прирослі. • Ніжка: центральна, ексцентрична; біла; щільна, волокниста; без кільця та піхви. • М’якоть: білий, щільний; на зламі не змінюється; з приємним запахом; смак м’який. • Споровий порошок: білий."
Lentinus tigrinus,серпень — жовтень.,"пні, стовбури тополі, верби; великими групами.",,"• Шапка: 4–10 см у діаметрі; б.-м. лійковидна; сірувато- або вохряно-біла, згодом світлішає; поверхня волокниста, вкрита темно-коричневими лусками; край рівний, тонкий. • Пластинки: білі → жовті; густі, прирослі. • Ніжка: 3–6 см × 0,3–1,8 см; ексцентрична або центральна, донизу звужена; пружна, з кільцем, що швидко зникає, дрібно-темнолуската. • М’якоть: білий, щільний; на зламі не змінюється; зі слабким приємним запахом; смак м’який. • Споровий порошок: білий."
Lentinus cyathiformis,серпень — жовтень.,"пні листяних дерев (тополя, верба); часто групами.",,"• Шапка: (5) 10–20 см у діаметрі; товсто-щільном’ясиста, плоско- або увігнуто-розпростерта, іноді асиметрична; кремова, жовтувата, світло-вохряно-червонувата; поверхня тонколуската; край рівний, тонкий. • Пластинки: кремові, вузькі, дуже низько спускаються на ніжку; густі, часто вилочковидно розгалужені. • Ніжка: до 15 см завдовжки, до 1,5 см завтовшки; центральна або ексцентрична; вгорі білобородавчаста, внизу червонуватопластівчаста; щільна. • М’якоть: білий, щільний, еластичний; на зламі не змінюється; без особливого запаху; смак м’який. • Споровий порошок: білий."
Lentinus lepideus,червень — листопад.,"пні хвойних, оброблена деревина (шпали); часто групами.",,"• Шапка: 5–12 см у діаметрі; опукло-, плоско- або увігнуто-розпростерта; жовтувата, блідо-вохряно-кремова, кольору шкіри; поверхня крупно-коричнево-луската; край рівний, тонкий. • Пластинки: лимонно-жовтуваті, з часом брудно-жовті; густі, прирослі. • Ніжка: 4–6 см × 2 см; центральна, ексцентрична; з кільцем, що швидко зникає, луската; щільна. • М’якоть: білий, дуже щільний; на зламі не змінюється; з приємним запахом; смак м’який. • Споровий порошок: білий."
Schizophyllum commune,серпень — листопад.,"сухі стовбури, оброблена деревина; великими групами.",,"• Шапка: 2–4 см у діаметрі; сидяча, віяловидна, черепашковидна; сірувато-біла, волосисто-повстиста; поверхня повстиста; край рівний, хвилястий, з поздовжньо розщепленими пластинками. • Пластинки: віяловидні, рожевуваті, з розщепленим краєм; рідкі. • Ніжка: відсутня. • М’якоть: тонка, шкіряста; на зламі не змінюється; без особливого запаху; смак м’який. • Споровий порошок: кремово-рожевий."
Volvariella speciosa,червень — жовтень.,"ліси, сади, степи; на ґрунті.",,"• Шапка: 10–12 см у діаметрі; спочатку яйцевидна, згодом дзвоникоподібна або плоско-розпростерта; брудно-біла, в центрі темніша; поверхня гладенька; край рівний, тонкий. • Пластинки: рожеві; густі, вільні. • Ніжка: 15–20 см × 2 см; циліндрична, біла, біля основи з білою піхвою; щільна, волокниста. • М’якоть: білий, м’який; на зламі не змінюється; без особливого запаху; смак м’який. • Споровий порошок: рожевий."
Volvariella bombycina,червень — жовтень.,стовбури листяних і хвойних дерев; часто групами.,,"• Шапка: 10–20 см у діаметрі; спочатку яйцевидна, згодом дзвоникоподібна; біла, волокнисто-луската; поверхня волокнисто-луската; край рівний, тонкий. • Пластинки: рожеві; густі, вільні. • Ніжка: 15 см завдовжки; циліндрична, біла, з широкою піхвою; щільна, волокниста. • М’якоть: білий, м’який; на зламі не змінюється; без особливого запаху; смак м’який. • Споровий порошок: рожевий."
Pluteus atromarginatus,травень — жовтень.,пні сосни; часто групами.,,"• Шапка: 6–8 см у діаметрі; спочатку дзвоникоподібна, згодом плоско-розпростерта; коричнева, фіолетово-коричнева, темнолуската; поверхня луската; край рівний, тонкий. • Пластинки: червонуваті, з темним краєм; густі, вільні. • Ніжка: 5–7 см × 0,7–1 см; циліндрична, кольору шапки, темно-волокнистолуската; щільна, волокниста. • М’якоть: білий, м’який; на зламі не змінюється; без особливого запаху; смак м’який. • Споровий порошок: рожевий."
