scientific_name,file_name,storage_path,angle,license_code,license_url,license_file_path,author,source_url,attribution,modified,modification_note,sort_order
Hydnum repandum,large (1).webp,фото Топ-20 грибів (webp)/Їжовик жовтуватий Hydnum repandum/large (1).webp,general,cc0,,,,,,false,,1
Hydnum repandum,large (1)_2.webp,фото Топ-20 грибів (webp)/Їжовик жовтуватий Hydnum repandum/large (1)_2.webp,general,cc0,,,,,,false,,2
Hydnum repandum,large (2).webp,фото Топ-20 грибів (webp)/Їжовик жовтуватий Hydnum repandum/large (2).webp,general,cc0,,,,,,false,,3
Hydnum repandum,large (5).webp,фото Топ-20 грибів (webp)/Їжовик жовтуватий Hydnum repandum/large (5).webp,general,cc0,,,,,,false,,4
Hydnum repandum,large.webp,фото Топ-20 грибів (webp)/Їжовик жовтуватий Hydnum repandum/large.webp,general,cc0,,,,,,false,,5
Hydnum repandum,large_2.webp,фото Топ-20 грибів (webp)/Їжовик жовтуватий Hydnum repandum/large_2.webp,general,cc0,,,,,,false,,6
Boletus edulis,large (1).webp,фото Топ-20 грибів (webp)/Білий гриб Boletus edulis/large (1).webp,general,cc0,,,,,,false,,1
Boletus edulis,large (1)_2.webp,фото Топ-20 грибів (webp)/Білий гриб Boletus edulis/large (1)_2.webp,general,cc0,,,,,,false,,2
Boletus edulis,large (2).webp,фото Топ-20 грибів (webp)/Білий гриб Boletus edulis/large (2).webp,general,cc0,,,,,,false,,3
Boletus edulis,large.webp,фото Топ-20 грибів (webp)/Білий гриб Boletus edulis/large.webp,general,cc0,,,,,,false,,4
Lactarius torminosus,large (1).webp,фото Топ-20 грибів (webp)/Вовнянка рожева Lactarius torminosus/large (1).webp,general,cc0,,,,,,false,,1
Lactarius torminosus,large (1)_2.webp,фото Топ-20 грибів (webp)/Вовнянка рожева Lactarius torminosus/large (1)_2.webp,general,cc0,,,,,,false,,2
Lactarius torminosus,large (2).webp,фото Топ-20 грибів (webp)/Вовнянка рожева Lactarius torminosus/large (2).webp,general,cc0,,,,,,false,,3
Lactarius torminosus,large (3).webp,фото Топ-20 грибів (webp)/Вовнянка рожева Lactarius torminosus/large (3).webp,general,cc0,,,,,,false,,4
Lactarius torminosus,large.webp,фото Топ-20 грибів (webp)/Вовнянка рожева Lactarius torminosus/large.webp,general,cc0,,,,,,false,,5
Lactarius torminosus,large_2.webp,фото Топ-20 грибів (webp)/Вовнянка рожева Lactarius torminosus/large_2.webp,general,cc0,,,,,,false,,6
Pleurotus ostreatus,large (1).webp,фото Топ-20 грибів (webp)/Глива звичайна Pleurotus ostreatus/large (1).webp,general,cc0,,,,,,false,,1
Pleurotus ostreatus,large (2).webp,фото Топ-20 грибів (webp)/Глива звичайна Pleurotus ostreatus/large (2).webp,general,cc0,,,,,,false,,2
Pleurotus ostreatus,large (3).webp,фото Топ-20 грибів (webp)/Глива звичайна Pleurotus ostreatus/large (3).webp,general,cc0,,,,,,false,,3
Pleurotus ostreatus,large (4).webp,фото Топ-20 грибів (webp)/Глива звичайна Pleurotus ostreatus/large (4).webp,general,cc0,,,,,,false,,4
Pleurotus ostreatus,large.webp,фото Топ-20 грибів (webp)/Глива звичайна Pleurotus ostreatus/large.webp,general,cc0,,,,,,false,,5
Lactarius resimus,large (1).webp,фото Топ-20 грибів (webp)/Груздь справжній Lactarius resimus/large (1).webp,general,cc0,,,,,,false,,1
Lactarius resimus,large (2).webp,фото Топ-20 грибів (webp)/Груздь справжній Lactarius resimus/large (2).webp,general,cc0,,,,,,false,,2
Lactarius resimus,large (6).webp,фото Топ-20 грибів (webp)/Груздь справжній Lactarius resimus/large (6).webp,general,cc0,,,,,,false,,3
Lactarius resimus,large.webp,фото Топ-20 грибів (webp)/Груздь справжній Lactarius resimus/large.webp,general,cc0,,,,,,false,,4
Lycoperdon perlatum,large (1).webp,фото Топ-20 грибів (webp)/Дощовик їстівний Lycoperdon perlatum/large (1).webp,general,cc0,,,,,,false,,1
Lycoperdon perlatum,large (2).webp,фото Топ-20 грибів (webp)/Дощовик їстівний Lycoperdon perlatum/large (2).webp,general,cc0,,,,,,false,,2
Lycoperdon perlatum,large (3).webp,фото Топ-20 грибів (webp)/Дощовик їстівний Lycoperdon perlatum/large (3).webp,general,cc0,,,,,,false,,3
Lycoperdon perlatum,large.webp,фото Топ-20 грибів (webp)/Дощовик їстівний Lycoperdon perlatum/large.webp,general,cc0,,,,,,false,,4
Suillellus luridus,large (1).webp,фото Топ-20 грибів (webp)/Дубовик звичайний Suillellus luridus/large (1).webp,general,cc0,,,,,,false,,1
Suillellus luridus,large (1)_2.webp,фото Топ-20 грибів (webp)/Дубовик звичайний Suillellus luridus/large (1)_2.webp,general,cc0,,,,,,false,,2
Suillellus luridus,large (2).webp,фото Топ-20 грибів (webp)/Дубовик звичайний Suillellus luridus/large (2).webp,general,cc0,,,,,,false,,3
Suillellus luridus,large (3).webp,фото Топ-20 грибів (webp)/Дубовик звичайний Suillellus luridus/large (3).webp,general,cc0,,,,,,false,,4
Suillellus luridus,large (4).webp,фото Топ-20 грибів (webp)/Дубовик звичайний Suillellus luridus/large (4).webp,general,cc0,,,,,,false,,5
Suillellus luridus,large (5).webp,фото Топ-20 грибів (webp)/Дубовик звичайний Suillellus luridus/large (5).webp,general,cc0,,,,,,false,,6
Suillellus luridus,large.webp,фото Топ-20 грибів (webp)/Дубовик звичайний Suillellus luridus/large.webp,general,cc0,,,,,,false,,7
Flammulina velutipes,large (1).webp,фото Топ-20 грибів (webp)/Зимовий опеньок Flammulina velutipes/large (1).webp,general,cc0,,,,,,false,,1
Flammulina velutipes,large (2).webp,фото Топ-20 грибів (webp)/Зимовий опеньок Flammulina velutipes/large (2).webp,general,cc0,,,,,,false,,2
Flammulina velutipes,large (3).webp,фото Топ-20 грибів (webp)/Зимовий опеньок Flammulina velutipes/large (3).webp,general,cc0,,,,,,false,,3
Flammulina velutipes,large (4).webp,фото Топ-20 грибів (webp)/Зимовий опеньок Flammulina velutipes/large (4).webp,general,cc0,,,,,,false,,4
Flammulina velutipes,large.webp,фото Топ-20 грибів (webp)/Зимовий опеньок Flammulina velutipes/large.webp,general,cc0,,,,,,false,,5
Suillus bovinus,large (1).webp,фото Топ-20 грибів (webp)/Козляк Suillus bovinus/large (1).webp,general,cc0,,,,,,false,,1
Suillus bovinus,large (2).webp,фото Топ-20 грибів (webp)/Козляк Suillus bovinus/large (2).webp,general,cc0,,,,,,false,,2
Suillus bovinus,large (2)_2.webp,фото Топ-20 грибів (webp)/Козляк Suillus bovinus/large (2)_2.webp,general,cc0,,,,,,false,,3
Suillus bovinus,large (3).webp,фото Топ-20 грибів (webp)/Козляк Suillus bovinus/large (3).webp,general,cc0,,,,,,false,,4
Suillus bovinus,large.webp,фото Топ-20 грибів (webp)/Козляк Suillus bovinus/large.webp,general,cc0,,,,,,false,,5
Cantharellus cibarius,large (1).webp,фото Топ-20 грибів (webp)/Лисичка справжня Cantharellus cibarius/large (1).webp,general,cc0,,,,,,false,,1
Cantharellus cibarius,large (1)_2.webp,фото Топ-20 грибів (webp)/Лисичка справжня Cantharellus cibarius/large (1)_2.webp,general,cc0,,,,,,false,,2
Cantharellus cibarius,large (2).webp,фото Топ-20 грибів (webp)/Лисичка справжня Cantharellus cibarius/large (2).webp,general,cc0,,,,,,false,,3
Cantharellus cibarius,large (3).webp,фото Топ-20 грибів (webp)/Лисичка справжня Cantharellus cibarius/large (3).webp,general,cc0,,,,,,false,,4
Cantharellus cibarius,large.webp,фото Топ-20 грибів (webp)/Лисичка справжня Cantharellus cibarius/large.webp,general,cc0,,,,,,false,,5
Cantharellus cibarius,large_2.webp,фото Топ-20 грибів (webp)/Лисичка справжня Cantharellus cibarius/large_2.webp,general,cc0,,,,,,false,,6
Suillus luteus,large (1).webp,фото Топ-20 грибів (webp)/Маслюк пізній Suillus luteus/large (1).webp,general,cc0,,,,,,false,,1
Suillus luteus,large (2).webp,фото Топ-20 грибів (webp)/Маслюк пізній Suillus luteus/large (2).webp,general,cc0,,,,,,false,,2
Suillus luteus,large (3).webp,фото Топ-20 грибів (webp)/Маслюк пізній Suillus luteus/large (3).webp,general,cc0,,,,,,false,,3
Suillus luteus,large (4).webp,фото Топ-20 грибів (webp)/Маслюк пізній Suillus luteus/large (4).webp,general,cc0,,,,,,false,,4
Suillus luteus,large.webp,фото Топ-20 грибів (webp)/Маслюк пізній Suillus luteus/large.webp,general,cc0,,,,,,false,,5
Suillus luteus,large_2.webp,фото Топ-20 грибів (webp)/Маслюк пізній Suillus luteus/large_2.webp,general,cc0,,,,,,false,,6
Xerocomus subtomentosus,large (1).webp,фото Топ-20 грибів (webp)/Моховик зелений Xerocomus subtomentosus/large (1).webp,general,cc0,,,,,,false,,1
Xerocomus subtomentosus,large (1)_2.webp,фото Топ-20 грибів (webp)/Моховик зелений Xerocomus subtomentosus/large (1)_2.webp,general,cc0,,,,,,false,,2
Xerocomus subtomentosus,large (2).webp,фото Топ-20 грибів (webp)/Моховик зелений Xerocomus subtomentosus/large (2).webp,general,cc0,,,,,,false,,3
Xerocomus subtomentosus,large.webp,фото Топ-20 грибів (webp)/Моховик зелений Xerocomus subtomentosus/large.webp,general,cc0,,,,,,false,,4
Xerocomus subtomentosus,large_2.webp,фото Топ-20 грибів (webp)/Моховик зелений Xerocomus subtomentosus/large_2.webp,general,cc0,,,,,,false,,5
Armillaria mellea,large (1).webp,фото Топ-20 грибів (webp)/Опеньок осінній Armillaria mellea/large (1).webp,general,cc0,,,,,,false,,1
Armillaria mellea,large (1)_2.webp,фото Топ-20 грибів (webp)/Опеньок осінній Armillaria mellea/large (1)_2.webp,general,cc0,,,,,,false,,2
Armillaria mellea,large.webp,фото Топ-20 грибів (webp)/Опеньок осінній Armillaria mellea/large.webp,general,cc0,,,,,,false,,3
Agaricus campestris,large (1).webp,фото Топ-20 грибів (webp)/Печериця звичайна Agaricus campestris/large (1).webp,general,cc0,,,,,,false,,1
Agaricus campestris,large (2).webp,фото Топ-20 грибів (webp)/Печериця звичайна Agaricus campestris/large (2).webp,general,cc0,,,,,,false,,2
Agaricus campestris,large (3).webp,фото Топ-20 грибів (webp)/Печериця звичайна Agaricus campestris/large (3).webp,general,cc0,,,,,,false,,3
Agaricus campestris,large (6).webp,фото Топ-20 грибів (webp)/Печериця звичайна Agaricus campestris/large (6).webp,general,cc0,,,,,,false,,4
Agaricus campestris,large.webp,фото Топ-20 грибів (webp)/Печериця звичайна Agaricus campestris/large.webp,general,cc0,,,,,,false,,5
Imleria badia,large (1).webp,фото Топ-20 грибів (webp)/Польський гриб Imleria badia/large (1).webp,general,cc0,,,,,,false,,1
Imleria badia,large (3).webp,фото Топ-20 грибів (webp)/Польський гриб Imleria badia/large (3).webp,general,cc0,,,,,,false,,2
Imleria badia,large (4).webp,фото Топ-20 грибів (webp)/Польський гриб Imleria badia/large (4).webp,general,cc0,,,,,,false,,3
Imleria badia,large (5).webp,фото Топ-20 грибів (webp)/Польський гриб Imleria badia/large (5).webp,general,cc0,,,,,,false,,4
Leccinum scabrum,large (1).webp,фото Топ-20 грибів (webp)/Підберезник звичайний Leccinum scabrum/large (1).webp,general,cc0,,,,,,false,,1
Leccinum scabrum,large (1)_2.webp,фото Топ-20 грибів (webp)/Підберезник звичайний Leccinum scabrum/large (1)_2.webp,general,cc0,,,,,,false,,2
Leccinum scabrum,large (2).webp,фото Топ-20 грибів (webp)/Підберезник звичайний Leccinum scabrum/large (2).webp,general,cc0,,,,,,false,,3
Leccinum scabrum,large (2)_2.webp,фото Топ-20 грибів (webp)/Підберезник звичайний Leccinum scabrum/large (2)_2.webp,general,cc0,,,,,,false,,4
Leccinum scabrum,large.webp,фото Топ-20 грибів (webp)/Підберезник звичайний Leccinum scabrum/large.webp,general,cc0,,,,,,false,,5
Leccinum scabrum,large_2.webp,фото Топ-20 грибів (webp)/Підберезник звичайний Leccinum scabrum/large_2.webp,general,cc0,,,,,,false,,6
Leccinum aurantiacum,large (1).webp,фото Топ-20 грибів (webp)/Підосичник Leccinum aurantiacum/large (1).webp,general,cc0,,,,,,false,,1
Leccinum aurantiacum,large (3).webp,фото Топ-20 грибів (webp)/Підосичник Leccinum aurantiacum/large (3).webp,general,cc0,,,,,,false,,2
Leccinum aurantiacum,large.webp,фото Топ-20 грибів (webp)/Підосичник Leccinum aurantiacum/large.webp,general,cc0,,,,,,false,,3
Lactarius deliciosus,large (1).webp,фото Топ-20 грибів (webp)/Рижик справжній Lactarius deliciosus/large (1).webp,general,cc0,,,,,,false,,1
Lactarius deliciosus,large (2).webp,фото Топ-20 грибів (webp)/Рижик справжній Lactarius deliciosus/large (2).webp,general,cc0,,,,,,false,,2
Lactarius deliciosus,large (3).webp,фото Топ-20 грибів (webp)/Рижик справжній Lactarius deliciosus/large (3).webp,general,cc0,,,,,,false,,3
Lactarius deliciosus,large (4).webp,фото Топ-20 грибів (webp)/Рижик справжній Lactarius deliciosus/large (4).webp,general,cc0,,,,,,false,,4
Lactarius deliciosus,large (5).webp,фото Топ-20 грибів (webp)/Рижик справжній Lactarius deliciosus/large (5).webp,general,cc0,,,,,,false,,5
Lactarius deliciosus,large.webp,фото Топ-20 грибів (webp)/Рижик справжній Lactarius deliciosus/large.webp,general,cc0,,,,,,false,,6
Russula vesca,large (1).webp,фото Топ-20 грибів (webp)/Сироїжка Russula vesca/large (1).webp,general,cc0,,,,,,false,,1
Russula vesca,large (2).webp,фото Топ-20 грибів (webp)/Сироїжка Russula vesca/large (2).webp,general,cc0,,,,,,false,,2
Russula vesca,large (3).webp,фото Топ-20 грибів (webp)/Сироїжка Russula vesca/large (3).webp,general,cc0,,,,,,false,,3
Russula vesca,large (4).webp,фото Топ-20 грибів (webp)/Сироїжка Russula vesca/large (4).webp,general,cc0,,,,,,false,,4
Russula vesca,large (5).webp,фото Топ-20 грибів (webp)/Сироїжка Russula vesca/large (5).webp,general,cc0,,,,,,false,,5
Russula vesca,large.webp,фото Топ-20 грибів (webp)/Сироїжка Russula vesca/large.webp,general,cc0,,,,,,false,,6
Morchella esculenta,large (1).webp,фото Топ-20 грибів (webp)/Сморчок звичайний Morchella esculenta/large (1).webp,general,cc0,,,,,,false,,1
Morchella esculenta,large (1)_2.webp,фото Топ-20 грибів (webp)/Сморчок звичайний Morchella esculenta/large (1)_2.webp,general,cc0,,,,,,false,,2
Morchella esculenta,large (4).webp,фото Топ-20 грибів (webp)/Сморчок звичайний Morchella esculenta/large (4).webp,general,cc0,,,,,,false,,3
Morchella esculenta,large.webp,фото Топ-20 грибів (webp)/Сморчок звичайний Morchella esculenta/large.webp,general,cc0,,,,,,false,,4
Morchella esculenta,large_2.webp,фото Топ-20 грибів (webp)/Сморчок звичайний Morchella esculenta/large_2.webp,general,cc0,,,,,,false,,5
